target_snp,proxy_snp,ld.r2,Dprime,PHASE,X12,CHROM,POS,REF.proxy,ALT.proxy,AF,BETA,SE,Z,P,N,TRAIT,ref,ref.proxy,alt,alt.proxy,ALT,REF,proxy.outcome
rs12153566,rs12153281,1,1,TC/AT,NA,5,26952016,C,T,0.831326,-0.00491437,0.00294805,-1.66699,0.096,377234,MVPA,T,C,A,T,A,T,TRUE
rs316341,rs316339,0.980728,1,GA/AG,NA,6,2838046,A,G,0.696388,0.00169459,0.0024065000000000002,0.704172,0.48,377234,MVPA,G,A,A,G,A,G,TRUE
rs61957926,rs2209577,0.987506,0.995809,TA/CG,NA,13,71686172,A,G,0.610853,0.00311895,0.00226111,1.37939,0.17,377234,MVPA,T,A,C,G,C,T,TRUE
