target_snp,proxy_snp,ld.r2,Dprime,PHASE,X12,CHROM,POS,REF.proxy,ALT.proxy,AF,BETA,SE,Z,P,N,TRAIT,ref,ref.proxy,alt,alt.proxy,ALT,REF,proxy.outcome
rs222449,rs222443,0.955063,0.99415,AG/TC,NA,6,52940484,G,C,0.761977,-0.005708,0.006474,-0.881681,0.37799999999999995,3146,CSF_ab42,A,G,T,C,T,A,TRUE
rs10498846,rs10455615,0.865972,0.974247,TG/CT,NA,6,67471264,T,G,0.468437,0.005419,0.005412,1.0012934220251293,0.3167,3146,CSF_ab42,T,G,C,T,T,C,TRUE
rs4236259,rs7787321,0.934588,1,TG/GA,NA,7,1702606,G,A,0.449618,-0.002321,0.0063950000000000005,-0.36293979671618454,0.7167,3146,CSF_ab42,T,G,G,A,G,T,TRUE
rs12333760,rs13227795,0.965304,1,CG/TA,NA,7,99049403,A,G,0.173343,-0.01142,0.007761,-1.4714598634196625,0.1415,3146,CSF_ab42,C,G,T,A,C,T,TRUE
rs10159545,rs10828246,0.945919,0.982854,GC/CT,NA,10,21769216,T,C,0.363653,-0.008298999999999999,0.006032,-1.3758289124668432,0.16899999999999998,3146,CSF_ab42,G,C,C,T,G,C,TRUE
rs62098013,rs56027651,0.870481,0.976611,AA/GT,NA,18,50807090,T,A,0.415939,-0.007714,0.0057399999999999994,-1.3439024390243905,0.1791,3146,CSF_ab42,A,A,G,T,A,G,TRUE
rs11872397,rs12607948,0.839067,0.983167,AA/GC,NA,18,72478553,A,C,0.746012,-0.008607,0.006062,-1.41983,0.1558,3146,CSF_ab42,A,A,G,C,G,A,TRUE
rs1555445,rs159058,0.897016,0.973696,TC/AA,NA,20,31108108,A,C,0.366987,0.0026850000000000003,0.00646,0.4156346749226007,0.6778,3146,CSF_ab42,T,C,A,A,T,A,TRUE
rs11768481,NA,NA,NA,NA,NA,NA,NA,NA,NA,NA,NA,NA,NA,NA,NA,NA,NA,NA,NA,NA,NA,NA,NA
rs9423279,NA,NA,NA,NA,NA,NA,NA,NA,NA,NA,NA,NA,NA,NA,NA,NA,NA,NA,NA,NA,NA,NA,NA
rs4759228,NA,NA,NA,NA,NA,NA,NA,NA,NA,NA,NA,NA,NA,NA,NA,NA,NA,NA,NA,NA,NA,NA,NA
rs7322872,NA,NA,NA,NA,NA,NA,NA,NA,NA,NA,NA,NA,NA,NA,NA,NA,NA,NA,NA,NA,NA,NA,NA
rs76608582,NA,NA,NA,NA,NA,NA,NA,NA,NA,NA,NA,NA,NA,NA,NA,NA,NA,NA,NA,NA,NA,NA,NA
