target_snp,proxy_snp,ld.r2,Dprime,PHASE,X12,CHROM,POS,REF.proxy,ALT.proxy,AF,BETA,SE,Z,P,N,TRAIT,ref,ref.proxy,alt,alt.proxy,ALT,REF,proxy.outcome
rs12052908,rs8179610,0.99603,1,TT/AG,NA,2,22500090,G,T,0.4812,0.0549,0.0434,1.2649769585253456,0.2055,4735,Neurofibrillary_Tangles,T,T,A,G,T,A,TRUE
rs3099439,rs3099438,0.988087,0.996005,CA/TG,NA,5,87557207,A,G,0.5312,0.1002,0.0441,2.27211,0.022940000000000002,4735,Neurofibrillary_Tangles,C,A,T,G,T,C,TRUE
rs10061069,rs6556833,0.988394,1,CC/GT,NA,5,93104707,T,C,0.2208,0.0238,0.0532,0.447368,0.6548,4735,Neurofibrillary_Tangles,C,C,G,T,C,G,TRUE
rs1150697,rs2622315,0.919058,0.958675,GA/CG,NA,6,28152567,G,A,0.0993,-0.0435,0.0746,-0.5831099195710455,0.5598,4735,Neurofibrillary_Tangles,G,A,C,G,G,C,TRUE
rs1933802,rs11156429,1,1,CT/GG,NA,6,105364421,T,G,0.543,0.069,0.0434,1.58986,0.1116,4735,Neurofibrillary_Tangles,C,T,G,G,G,C,TRUE
rs2876520,rs1396898,0.852262,0.941742,GG/CA,NA,6,142990718,A,G,0.4696,0.0169,0.0437,0.386728,0.6990000000000001,4735,Neurofibrillary_Tangles,G,G,C,A,G,C,TRUE
rs2029865,rs9365756,1,1,AT/TG,NA,6,165123497,G,T,0.4604,0.0136,0.0434,0.31336405529953915,0.754,4735,Neurofibrillary_Tangles,A,T,T,G,A,T,TRUE
rs2247523,rs2522831,0.992047,1,GC/CT,NA,7,82448100,T,C,0.402,-0.0875,0.0467,-1.87366,0.061110000000000005,4735,Neurofibrillary_Tangles,G,C,C,T,G,C,TRUE
rs2709906,rs3094462,0.943309,1,AA/CG,NA,7,82935415,G,A,0.4096,0.033,0.0448,0.7366071428571429,0.4621,4735,Neurofibrillary_Tangles,A,A,C,G,A,C,TRUE
rs1982277,rs958538,0.946393,0.994358,CC/TT,NA,9,11522951,T,C,0.2433,-0.0577,0.0541,-1.06654,0.2861,4735,Neurofibrillary_Tangles,C,C,T,T,C,T,TRUE
rs12789028,rs1783541,0.826112,0.938762,AT/GC,NA,11,65294799,C,T,0.2042,-0.0116,0.0541,-0.21441774491682067,0.8308,4735,Neurofibrillary_Tangles,A,T,G,C,A,G,TRUE
rs56327309,rs17410557,0.917005,0.986597,GC/CT,NA,18,50776391,T,C,0.3947,-0.0313,0.0445,-0.703371,0.4819,4735,Neurofibrillary_Tangles,G,C,C,T,G,C,TRUE
rs143186028,rs6072350,0.993271,1,TC/GT,NA,20,39985847,T,C,0.1879,-0.0063,0.057,-0.110526,0.9114,4735,Neurofibrillary_Tangles,T,C,G,T,T,G,TRUE
rs67436663,NA,NA,NA,NA,NA,NA,NA,NA,NA,NA,NA,NA,NA,NA,NA,NA,NA,NA,NA,NA,NA,NA,NA
rs12967143,NA,NA,NA,NA,NA,NA,NA,NA,NA,NA,NA,NA,NA,NA,NA,NA,NA,NA,NA,NA,NA,NA,NA
