target_snp,proxy_snp,ld.r2,Dprime,PHASE,X12,CHROM,POS,REF.proxy,ALT.proxy,AF,BETA,SE,Z,P,N,TRAIT,ref,ref.proxy,alt,alt.proxy,ALT,REF,proxy.outcome
rs13136052,rs6842742,0.894598,0.966773,TA/GT,NA,4,139726981,T,A,0.428912,0.005415,0.006222999999999999,0.87015908725695,0.3843,3146,CSF_ab42,T,A,G,T,T,G,TRUE
rs222449,rs222443,0.955063,0.99415,AG/TC,NA,6,52940484,G,C,0.761977,-0.003369,0.006929,-0.486217,0.6269,3146,CSF_ab42,A,G,T,C,T,A,TRUE
rs10498846,rs10455615,0.865972,0.974247,TG/CT,NA,6,67471264,T,G,0.468437,0.002112,0.005764,0.366412213740458,0.7141,3146,CSF_ab42,T,G,C,T,T,C,TRUE
rs3800227,rs3800229,0.866061,0.995077,AG/GT,NA,6,108996963,G,T,0.660124,-0.011,0.006233,-1.7648,0.07772000000000001,3146,CSF_ab42,A,G,G,T,G,A,TRUE
rs4236259,rs4725308,0.926765,0.995806,TG/GA,NA,7,1701128,G,A,0.450418,0.00506,0.005995,0.8440366972477065,0.3987,3146,CSF_ab42,T,G,G,A,G,T,TRUE
rs12333760,rs11976018,0.951541,1,CA/TG,NA,7,99122437,G,A,0.171335,-0.006987999999999999,0.008152,-0.8572129538763493,0.3914,3146,CSF_ab42,C,A,T,G,C,T,TRUE
rs2378662,rs10780649,0.804124,0.93515,GT/AG,NA,9,86703561,T,G,0.492199,-0.00241,0.005879,-0.409934,0.6819,3146,CSF_ab42,G,T,A,G,A,G,TRUE
rs10159545,rs10828246,0.945919,0.982854,GC/CT,NA,10,21769216,T,C,0.363653,-0.003635,0.006226,-0.5838419530999037,0.5594,3146,CSF_ab42,G,C,C,T,G,C,TRUE
rs62098013,rs56027651,0.870481,0.976611,AA/GT,NA,18,50807090,T,A,0.415939,-0.002872,0.006052,-0.47455386649041637,0.6352,3146,CSF_ab42,A,A,G,T,A,G,TRUE
rs11872397,rs12607948,0.839067,0.983167,AA/GC,NA,18,72478553,A,C,0.746012,-0.003765,0.006393,-0.588925,0.5559,3146,CSF_ab42,A,A,G,C,G,A,TRUE
rs1555445,rs1810635,0.896268,0.984455,TT/AA,NA,20,31131309,A,T,0.398856,5.222e-4,0.0061600000000000005,0.08477272727272726,0.9324,3146,CSF_ab42,T,T,A,A,T,A,TRUE
rs12042107,NA,NA,NA,NA,NA,NA,NA,NA,NA,NA,NA,NA,NA,NA,NA,NA,NA,NA,NA,NA,NA,NA,NA
rs11768481,NA,NA,NA,NA,NA,NA,NA,NA,NA,NA,NA,NA,NA,NA,NA,NA,NA,NA,NA,NA,NA,NA,NA
rs7901883,NA,NA,NA,NA,NA,NA,NA,NA,NA,NA,NA,NA,NA,NA,NA,NA,NA,NA,NA,NA,NA,NA,NA
rs9423279,NA,NA,NA,NA,NA,NA,NA,NA,NA,NA,NA,NA,NA,NA,NA,NA,NA,NA,NA,NA,NA,NA,NA
rs4759228,NA,NA,NA,NA,NA,NA,NA,NA,NA,NA,NA,NA,NA,NA,NA,NA,NA,NA,NA,NA,NA,NA,NA
rs7322872,NA,NA,NA,NA,NA,NA,NA,NA,NA,NA,NA,NA,NA,NA,NA,NA,NA,NA,NA,NA,NA,NA,NA
rs76608582,NA,NA,NA,NA,NA,NA,NA,NA,NA,NA,NA,NA,NA,NA,NA,NA,NA,NA,NA,NA,NA,NA,NA
