target_snp,proxy_snp,ld.r2,Dprime,PHASE,X12,CHROM,POS,REF.proxy,ALT.proxy,AF,BETA,SE,Z,P,N,TRAIT,ref,ref.proxy,alt,alt.proxy,ALT,REF,proxy.outcome
rs28601761,rs112875651,0.804853,0.941059,GA/CG,NA,8,126506694,G,A,0.3839,0.0158,0.077,0.2051948051948052,0.8377,4046,Neuritic_Plaques_Any,G,A,C,G,G,C,TRUE
rs2049045,rs6265,0.962549,1,CT/GC,NA,11,27679916,C,T,0.1963,-0.0286,0.0921,-0.31053203040173727,0.7563,4046,Neuritic_Plaques_Any,C,T,G,C,C,G,TRUE
rs34704785,rs12871346,1,1,CC/TT,NA,13,68100360,C,T,0.5221,0.0706,0.0718,0.9832869080779943,0.3252,4046,Neuritic_Plaques_Any,C,C,T,T,T,C,TRUE
rs1123285,rs2274794,0.939305,0.982019,GT/CC,NA,14,57283934,C,T,0.3242,0.0082,0.0773,0.10608020698576974,0.9157,4046,Neuritic_Plaques_Any,G,T,C,C,G,C,TRUE
rs79616692,rs11648570,0.969235,1,CC/GT,NA,16,72356964,T,C,0.1053,-0.0424,0.1174,-0.361158,0.718,4046,Neuritic_Plaques_Any,C,C,G,T,C,G,TRUE
rs13332432,rs3794666,0.911587,0.97073,GT/CC,NA,16,85723042,C,T,0.2857,0.1287,0.0871,1.4776119402985075,0.1397,4046,Neuritic_Plaques_Any,G,T,C,C,G,C,TRUE
rs76640332,rs112480703,0.951323,1,AC/GT,NA,17,44189799,T,C,0.2039,0.0727,0.0898,0.809577,0.4182,4046,Neuritic_Plaques_Any,A,C,G,T,A,G,TRUE
