target_snp,proxy_snp,ld.r2,Dprime,PHASE,X12,CHROM,POS,REF.proxy,ALT.proxy,AF,BETA,SE,Z,P,N,TRAIT,ref,ref.proxy,alt,alt.proxy,ALT,REF,proxy.outcome
rs13082002,rs35883702,0.992051,0.996018,AG/TC,NA,3,117316062,C,G,0.4677,-0.0313,0.0143,-2.18881,0.02875,63926,LOAD,A,G,T,C,A,T,TRUE
rs12514375,rs1445980,0.979437,1,TA/AG,NA,5,60798733,G,A,0.3775,0.0218,0.0147,1.4829931972789117,0.1373,63926,LOAD,T,A,A,G,T,A,TRUE
rs200268729,rs1982859,0.945749,1,CG/TA,NA,11,91617541,A,G,0.0977,0.0201,0.0241,0.834025,0.405,63926,LOAD,C,G,T,A,C,T,TRUE
rs34634095,rs510388,0.935389,1,CT/AG,NA,11,111451869,T,G,0.6902,0.0108,0.0154,0.701299,0.4807,63926,LOAD,C,T,A,G,A,C,TRUE
rs1667369,rs141327507,0.886312,0.995181,CT/AC,NA,19,37444579,C,T,0.3256,0.0067,0.0153,0.4379084967320262,0.6621,63926,LOAD,C,T,A,C,C,A,TRUE
rs12721051,rs814573,0.907001,0.967544,GT/CA,NA,19,45424351,A,T,0.2115,0.9961,0.0225,44.2711,2.2250738585072014e-308,63926,LOAD,G,T,C,A,G,C,TRUE
rs4073278,NA,NA,NA,NA,NA,NA,NA,NA,NA,NA,NA,NA,NA,NA,NA,NA,NA,NA,NA,NA,NA,NA,NA
