target_snp,proxy_snp,ld.r2,Dprime,PHASE,X12,CHROM,POS,REF.proxy,ALT.proxy,AF,BETA,SE,Z,P,N,TRAIT,ref,ref.proxy,alt,alt.proxy,ALT,REF,proxy.outcome
rs62106258,rs62104180,0.827265,0.951966,CA/TG,NA,2,466003,G,A,0.0512,-0.03344969217312623,0.02353954410494457,-1.421,0.1554,18573,Hippocampal_Volume,C,A,T,G,C,T,TRUE
rs6478868,rs12057089,0.990173,1,CT/TC,NA,9,131929957,C,T,0.2986,0.0019289964037644066,0.009455864724335327,0.204,0.8382,26700,Hippocampal_Volume,C,T,T,C,C,T,TRUE
rs562855542,rs117128784,1,1,TA/CG,NA,15,31223189,G,A,0.0076,0.07264246595412671,0.09046384303129104,0.8029999999999999,0.4221,8100,Hippocampal_Volume,T,A,C,G,T,C,TRUE
rs189423908,NA,NA,NA,NA,NA,NA,NA,NA,NA,NA,NA,NA,NA,NA,NA,NA,NA,NA,NA,NA,NA,NA,NA
