target_snp,proxy_snp,ld.r2,Dprime,PHASE,X12,CHROM,POS,REF.proxy,ALT.proxy,AF,BETA,SE,Z,P,N,TRAIT,ref,ref.proxy,alt,alt.proxy,ALT,REF,proxy.outcome
rs34464850,rs2271386,1,1,CA/GG,NA,3,141712708,G,A,0.151945,-0.0078,0.006999999999999999,-1.11429,0.3698,89886,LDL_Cholesterol,C,A,G,G,C,G,TRUE
rs2802295,rs2253310,1,1,AC/GG,NA,6,108888593,C,G,0.561499,-0.0023,0.0053,-0.433962,0.7242,86897,LDL_Cholesterol,A,C,G,G,G,A,TRUE
rs1628768,rs6584545,0.973962,0.994692,CA/TT,NA,10,104999266,A,T,0.790532,-0.0042,0.0059,-0.711864,0.5129,83069.99,LDL_Cholesterol,C,A,T,T,T,C,TRUE
rs10878349,rs1038196,0.996002,1,AG/GC,NA,12,66343400,G,C,0.467912,0.0068,0.0052,1.3076923076923077,0.2952,89888,LDL_Cholesterol,A,G,G,C,G,A,TRUE
rs79600142,rs436667,1,1,CT/TC,NA,17,43709415,C,T,0.146757,0.0117,0.0066,1.7727272727272727,0.027569999999999997,86937,LDL_Cholesterol,C,T,T,C,C,T,TRUE
rs11759026,NA,NA,NA,NA,NA,NA,NA,NA,NA,NA,NA,NA,NA,NA,NA,NA,NA,NA,NA,NA,NA,NA,NA
