target_snp,proxy_snp,ld.r2,Dprime,PHASE,X12,CHROM,POS,REF.proxy,ALT.proxy,AF,BETA,SE,Z,P,N,TRAIT,ref,ref.proxy,alt,alt.proxy,ALT,REF,proxy.outcome
rs12052908,rs8179610,0.99603,1,TT/AG,NA,2,22500090,G,T,0.473,-73.5677,109.02,-0.674809209319391,0.4998,32176,Cortical_Surface_Area,T,T,A,G,T,A,TRUE
rs1933802,rs11156429,1,1,CT/GG,NA,6,105364421,T,G,0.5435,-22.0271,111.7316,-0.197143,0.8437,32176,Cortical_Surface_Area,C,T,G,G,G,C,TRUE
rs2876520,rs1396898,0.852262,0.941742,GG/CA,NA,6,142990718,A,G,0.4633,-304.858,110.0378,-2.77049,0.0055969999999999995,31907,Cortical_Surface_Area,G,G,C,A,G,C,TRUE
rs2029865,rs9365756,1,1,AT/TG,NA,6,165123497,G,T,0.4521,134.5385,113.1196,1.1893473810020545,0.2343,31907,Cortical_Surface_Area,A,T,T,G,A,T,TRUE
rs2247523,rs2522831,0.992047,1,GC/CT,NA,7,82448100,T,C,0.4733,-26.265,108.6675,-0.241701,0.809,32176,Cortical_Surface_Area,G,C,C,T,G,C,TRUE
