target_snp,proxy_snp,ld.r2,Dprime,PHASE,X12,CHROM,POS,REF.proxy,ALT.proxy,AF,BETA,SE,Z,P,N,TRAIT,ref,ref.proxy,alt,alt.proxy,ALT,REF,proxy.outcome
rs915416,rs10799033,0.995069,1,CA/GG,NA,1,34733985,A,G,0.71,0.0321,0.0641,0.50078,0.6163,2764,VBI_any,C,A,G,G,G,C,TRUE
rs269054,rs269057,0.955316,1,AA/TG,NA,1,57863184,G,A,0.4227,0.0478,0.0586,0.8156996587030717,0.4148,2764,VBI_any,A,A,T,G,A,T,TRUE
rs75539574,rs75892241,0.925931,0.984412,CC/AA,NA,2,58924285,A,C,0.1068,-0.0121,0.1052,-0.115019,0.9088,2764,VBI_any,C,C,A,A,C,A,TRUE
rs35662245,rs4128364,0.982722,0.995632,AC/TT,NA,2,147612734,T,C,0.3345,-0.149,0.06,-2.48333,0.013040000000000001,2764,VBI_any,A,C,T,T,A,T,TRUE
rs112230981,rs76258078,0.948037,1,GG/AA,NA,3,55823890,A,G,0.0495,-0.0035,0.1488,-0.0235215,0.9811,2764,VBI_any,G,G,A,A,G,A,TRUE
rs2079070,rs10255943,0.861117,0.959589,CA/GG,NA,7,114072443,A,G,0.7004,0.0516,0.0626,0.824281,0.4091,2764,VBI_any,C,A,G,G,G,C,TRUE
rs4333549,rs2409710,0.99601,1,CA/GG,NA,8,10979821,A,G,0.5396,0.033,0.0581,0.567986,0.5705,2764,VBI_any,C,A,G,G,G,C,TRUE
rs11039544,rs11039560,0.9925,1,AT/GC,NA,11,48196789,C,T,0.165,0.1345,0.0786,1.7111959287531806,0.08711,2764,VBI_any,A,T,G,C,A,G,TRUE
rs12791153,rs11603610,0.924871,0.986743,TG/AT,NA,11,80668994,T,G,0.0807,0.1519,0.1225,1.24,0.215,2764,VBI_any,T,G,A,T,T,A,TRUE
rs11643715,rs8182198,0.834757,1,GT/CG,NA,16,23905225,G,T,0.258,-0.0584,0.067,-0.8716417910447761,0.3832,2764,VBI_any,G,T,C,G,G,C,TRUE
rs10421649,rs12973413,0.9681,0.987871,TA/AG,NA,19,9942222,A,G,0.5332,0.0095,0.0586,0.162116,0.8706,2764,VBI_any,T,A,A,G,A,T,TRUE
rs17732997,NA,NA,NA,NA,NA,NA,NA,NA,NA,NA,NA,NA,NA,NA,NA,NA,NA,NA,NA,NA,NA,NA,NA
rs147114641,NA,NA,NA,NA,NA,NA,NA,NA,NA,NA,NA,NA,NA,NA,NA,NA,NA,NA,NA,NA,NA,NA,NA
rs553223732,NA,NA,NA,NA,NA,NA,NA,NA,NA,NA,NA,NA,NA,NA,NA,NA,NA,NA,NA,NA,NA,NA,NA
rs538476570,NA,NA,NA,NA,NA,NA,NA,NA,NA,NA,NA,NA,NA,NA,NA,NA,NA,NA,NA,NA,NA,NA,NA
