target_snp,proxy_snp,ld.r2,Dprime,PHASE,X12,CHROM,POS,REF.proxy,ALT.proxy,AF,BETA,SE,Z,P,N,TRAIT,ref,ref.proxy,alt,alt.proxy,ALT,REF,proxy.outcome
rs4988235,rs182549,0.996031,1,GC/AT,NA,2,136616754,C,T,0.521621,0.001373,0.006456,0.21267,0.8316,3146,CSF_ab42,G,C,A,T,A,G,TRUE
rs2066714,rs2297400,0.95773,0.982819,CC/TT,NA,9,107599481,T,C,0.0945995,-0.005707,0.0078,-0.7316666666666667,0.4644,3146,CSF_ab42,C,C,T,T,C,T,TRUE
rs4752805,rs7106731,1,1,GG/AT,NA,11,48003392,T,G,0.241971,0.006164,0.006231,0.989247311827957,0.3226,3146,CSF_ab42,G,G,A,T,G,A,TRUE
rs6573778,rs11626929,0.887,0.962646,TT/CC,NA,14,24876237,C,T,0.439803,0.009366,0.006609,1.4171584203359053,0.1567,3146,CSF_ab42,T,T,C,C,T,C,TRUE
rs75687619,rs77301115,0.940919,1,TA/GG,NA,19,45396973,G,A,0.0254268,0.039889999999999995,0.01466,2.7210095497953612,0.006553,3146,CSF_ab42,T,A,G,G,T,G,TRUE
rs11591147,NA,NA,NA,NA,NA,NA,NA,NA,NA,NA,NA,NA,NA,NA,NA,NA,NA,NA,NA,NA,NA,NA,NA
rs2315065,NA,NA,NA,NA,NA,NA,NA,NA,NA,NA,NA,NA,NA,NA,NA,NA,NA,NA,NA,NA,NA,NA,NA
rs8103315,NA,NA,NA,NA,NA,NA,NA,NA,NA,NA,NA,NA,NA,NA,NA,NA,NA,NA,NA,NA,NA,NA,NA
