target_snp,proxy_snp,ld.r2,Dprime,PHASE,X12,CHROM,POS,REF.proxy,ALT.proxy,AF,BETA,SE,Z,P,N,TRAIT,ref,ref.proxy,alt,alt.proxy,ALT,REF,proxy.outcome
rs4988235,rs182549,0.996031,1,GC/AT,NA,2,136616754,C,T,0.521621,0.001373,0.006456,0.21267,0.8316,3146,CSF_ab42,G,C,A,T,A,G,TRUE
rs176813,rs293429,0.99016,0.995068,CC/TT,NA,4,69591612,T,C,0.328613,0.00542,0.00629,0.8616852146263912,0.3889,3146,CSF_ab42,C,C,T,T,C,T,TRUE
rs2066714,rs2297400,0.95773,0.982819,CC/TT,NA,9,107599481,T,C,0.0945995,-0.005707,0.0078,-0.7316666666666667,0.4644,3146,CSF_ab42,C,C,T,T,C,T,TRUE
rs4752805,rs7106731,1,1,GG/AT,NA,11,48003392,T,G,0.241971,0.006164,0.006231,0.989247311827957,0.3226,3146,CSF_ab42,G,G,A,T,G,A,TRUE
rs921919,rs838881,0.843055,0.979587,GG/AA,NA,12,125261797,G,A,0.673077,-0.01039,0.005757,-1.80476,0.07132999999999999,3146,CSF_ab42,G,G,A,A,A,G,TRUE
rs6573778,rs11626929,0.887,0.962646,TT/CC,NA,14,24876237,C,T,0.439803,0.009366,0.006609,1.4171584203359053,0.1567,3146,CSF_ab42,T,T,C,C,T,C,TRUE
rs8075213,rs72820042,0.965926,1,TT/CC,NA,17,9577529,C,T,0.183188,-0.009281000000000001,0.007566,-1.2266719534760773,0.22,3146,CSF_ab42,T,T,C,C,T,C,TRUE
rs75687619,rs77301115,0.940919,1,TA/GG,NA,19,45396973,G,A,0.0254268,0.039889999999999995,0.01466,2.7210095497953612,0.006553,3146,CSF_ab42,T,A,G,G,T,G,TRUE
rs11591147,NA,NA,NA,NA,NA,NA,NA,NA,NA,NA,NA,NA,NA,NA,NA,NA,NA,NA,NA,NA,NA,NA,NA
rs2315065,NA,NA,NA,NA,NA,NA,NA,NA,NA,NA,NA,NA,NA,NA,NA,NA,NA,NA,NA,NA,NA,NA,NA
rs8103315,NA,NA,NA,NA,NA,NA,NA,NA,NA,NA,NA,NA,NA,NA,NA,NA,NA,NA,NA,NA,NA,NA,NA
rs77719426,NA,NA,NA,NA,NA,NA,NA,NA,NA,NA,NA,NA,NA,NA,NA,NA,NA,NA,NA,NA,NA,NA,NA
