target_snp,proxy_snp,ld.r2,Dprime,PHASE,X12,CHROM,POS,REF.proxy,ALT.proxy,AF,BETA,SE,Z,P,N,TRAIT,ref,ref.proxy,alt,alt.proxy,ALT,REF,proxy.outcome
rs11925227,rs9841632,0.841054,0.920365,AA/GC,NA,3,170757334,C,A,0.165881,-0.00366,0.007689,-0.47600468201326573,0.6341,3146,CSF_ab42,A,A,G,C,A,G,TRUE
rs7674212,rs7691873,0.99187,0.995927,TC/GT,NA,4,103987899,T,C,0.423889,-7.047999999999999e-4,0.006784999999999999,-0.10387619749447309,0.9173,3146,CSF_ab42,T,C,G,T,T,G,TRUE
rs67232546,rs11820002,0.886211,0.981199,TC/CG,NA,11,128389259,G,C,0.158373,-0.005593,0.006386,-0.8758221108675227,0.3813,3146,CSF_ab42,T,C,C,G,T,C,TRUE
rs576674,rs2858980,1,1,GG/AA,NA,13,33554587,G,A,0.844022,0.004056,0.007203,0.563099,0.5735,3146,CSF_ab42,G,G,A,A,A,G,TRUE
rs1359790,rs1327315,0.994944,1,AT/GC,NA,13,80708732,C,T,0.273766,-0.002375,0.006096,-0.3895997375328084,0.6969,3146,CSF_ab42,A,T,G,C,A,G,TRUE
rs12910825,rs4932182,0.941787,0.991241,GA/AC,NA,15,91508803,C,A,0.382827,-0.0121,0.005942,-2.036351396836082,0.04183,3146,CSF_ab42,G,A,A,C,G,A,TRUE
rs77258096,rs9921930,0.846651,1,AT/CC,NA,16,75244745,C,T,0.130459,-0.004521,0.007895000000000001,-0.5726409119696009,0.5670000000000001,3146,CSF_ab42,A,T,C,C,A,C,TRUE
rs10811661,NA,NA,NA,NA,NA,NA,NA,NA,NA,NA,NA,NA,NA,NA,NA,NA,NA,NA,NA,NA,NA,NA,NA
rs10830963,NA,NA,NA,NA,NA,NA,NA,NA,NA,NA,NA,NA,NA,NA,NA,NA,NA,NA,NA,NA,NA,NA,NA
