target_snp,proxy_snp,ld.r2,Dprime,PHASE,X12,CHROM,POS,REF.proxy,ALT.proxy,AF,BETA,SE,Z,P,N,TRAIT,ref,ref.proxy,alt,alt.proxy,ALT,REF,proxy.outcome
rs194833,rs194834,0.996031,1,GG/TA,NA,7,103762313,G,A,0.46267200000000003,-0.00127436,0.00205421,-0.620366,0.5350166999999999,452302,Social_Isolation,G,G,T,A,T,G,TRUE
rs4296031,rs1809327,1,1,GG/AA,NA,11,42536345,G,A,0.820464,-8.9469e-4,0.00266867,-0.335257,0.73743106,452302,Social_Isolation,G,G,A,A,A,G,TRUE
rs12815451,rs7315646,0.863025,1,CA/TT,NA,12,51741617,T,A,0.135838,9.3249e-4,0.00298946,0.311928,0.7550956,452302,Social_Isolation,C,A,T,T,C,T,TRUE
rs2316766,rs2106785,0.994535,1,TT/GC,NA,17,43919105,C,T,0.221676,0.0105137,0.00246582,4.26377,2.01e-5,452302,Social_Isolation,T,T,G,C,T,G,TRUE
