target_snp,proxy_snp,ld.r2,Dprime,PHASE,X12,CHROM,POS,REF.proxy,ALT.proxy,AF,BETA,SE,Z,P,N,TRAIT,ref,ref.proxy,alt,alt.proxy,ALT,REF,proxy.outcome
rs6878122,rs7708285,0.955243,0.990741,GG/AA,NA,5,76425867,G,A,0.6943,-0.0611,0.05,-1.222,0.2217,4735,NFT_Braak_Four,G,G,A,A,A,G,TRUE
rs72892910,rs62405437,0.972828,1,TC/GT,NA,6,50813729,T,C,0.1843,0.0105,0.0565,0.185841,0.8526,4735,NFT_Braak_Four,T,C,G,T,T,G,TRUE
rs13234269,rs6973807,0.995991,1,AG/TA,NA,7,130423972,A,G,0.4799,-0.0737,0.0445,-1.65618,0.09791,4735,NFT_Braak_Four,A,G,T,A,A,T,TRUE
rs17411031,rs17411045,1,1,GC/CT,NA,8,19852362,T,C,0.2691,-0.0242,0.0486,-0.497942,0.6188,4735,NFT_Braak_Four,G,C,C,T,G,C,TRUE
rs1333039,rs10965223,1,1,GG/CA,NA,9,22067004,G,A,0.5963,-0.0058,0.0456,-0.12719298245614033,0.8988,4735,NFT_Braak_Four,G,G,C,A,C,G,TRUE
rs1758632,rs2486675,1,1,CT/GG,NA,9,33845079,G,T,0.3728,0.0078,0.0452,0.17256637168141592,0.8623,4735,NFT_Braak_Four,C,T,G,G,C,G,TRUE
rs11591741,rs11597086,1,1,CC/GA,NA,10,101953705,A,C,0.4331,-0.0657,0.0442,-1.48643,0.1374,4735,NFT_Braak_Four,C,C,G,A,C,G,TRUE
rs963740,rs9316500,1,1,TG/AT,NA,13,51094114,T,G,0.2998,0.0121,0.0476,0.254202,0.79990000000000006,4735,NFT_Braak_Four,T,G,A,T,T,A,TRUE
rs4932143,rs7111,0.994944,1,GT/CC,NA,15,90373873,T,C,0.7305,0.0068,0.0483,0.140787,0.8884,4735,NFT_Braak_Four,G,T,C,C,C,G,TRUE
rs9844972,NA,NA,NA,NA,NA,NA,NA,NA,NA,NA,NA,NA,NA,NA,NA,NA,NA,NA,NA,NA,NA,NA,NA
rs10830963,NA,NA,NA,NA,NA,NA,NA,NA,NA,NA,NA,NA,NA,NA,NA,NA,NA,NA,NA,NA,NA,NA,NA
