target_snp,proxy_snp,ld.r2,Dprime,PHASE,X12,CHROM,POS,REF.proxy,ALT.proxy,AF,BETA,SE,Z,P,N,TRAIT,ref,ref.proxy,alt,alt.proxy,ALT,REF,proxy.outcome
rs7619041,rs9917786,0.996021,1,TT/AC,NA,3,152119585,T,C,0.5086,-0.0081,0.0444,-0.182432,0.8561,4735,NFT_Braak_Four,T,T,A,C,A,T,TRUE
rs6878122,rs7708285,0.955243,0.990741,GG/AA,NA,5,76425867,G,A,0.6943,-0.0611,0.05,-1.222,0.2217,4735,NFT_Braak_Four,G,G,A,A,A,G,TRUE
rs72892910,rs62405437,0.972828,1,TC/GT,NA,6,50813729,T,C,0.1843,0.0105,0.0565,0.185841,0.8526,4735,NFT_Braak_Four,T,C,G,T,T,G,TRUE
rs13234269,rs6973807,0.995991,1,AG/TA,NA,7,130423972,A,G,0.4799,-0.0737,0.0445,-1.65618,0.09791,4735,NFT_Braak_Four,A,G,T,A,A,T,TRUE
rs17411031,rs17411045,1,1,GC/CT,NA,8,19852362,T,C,0.2691,-0.0242,0.0486,-0.497942,0.6188,4735,NFT_Braak_Four,G,C,C,T,G,C,TRUE
rs1333039,rs10965223,1,1,GG/CA,NA,9,22067004,G,A,0.5963,-0.0058,0.0456,-0.12719298245614033,0.8988,4735,NFT_Braak_Four,G,G,C,A,C,G,TRUE
rs1758632,rs2486675,1,1,CT/GG,NA,9,33845079,G,T,0.3728,0.0078,0.0452,0.17256637168141592,0.8623,4735,NFT_Braak_Four,C,T,G,G,C,G,TRUE
rs963740,rs9316500,1,1,TG/AT,NA,13,51094114,T,G,0.2998,0.0121,0.0476,0.254202,0.79990000000000006,4735,NFT_Braak_Four,T,G,A,T,T,A,TRUE
rs6494307,rs8038040,0.991799,0.995891,GA/CG,NA,15,62394339,G,A,0.411,-0.0812,0.0444,-1.8288288288288286,0.06733,4735,NFT_Braak_Four,G,A,C,G,G,C,TRUE
rs9844972,NA,NA,NA,NA,NA,NA,NA,NA,NA,NA,NA,NA,NA,NA,NA,NA,NA,NA,NA,NA,NA,NA,NA
rs10830963,NA,NA,NA,NA,NA,NA,NA,NA,NA,NA,NA,NA,NA,NA,NA,NA,NA,NA,NA,NA,NA,NA,NA
