target_snp,proxy_snp,ld.r2,Dprime,PHASE,X12,CHROM,POS,REF.proxy,ALT.proxy,AF,BETA,SE,Z,P,N,TRAIT,ref,ref.proxy,alt,alt.proxy,ALT,REF,proxy.outcome
rs2901616,rs1537716,0.996031,1,AT/GC,NA,1,72123704,C,T,0.467332,-0.0169,0.0154,-1.0974025974025972,0.2736,54162,AD,A,T,G,C,A,G,TRUE
rs7603132,rs17020193,1,1,AT/GG,NA,2,4951120,G,T,0.164063,-0.0229,0.0202,-1.1336633663366338,0.2552,54162,AD,A,T,G,G,A,G,TRUE
rs969512,rs971805,0.863448,0.975236,TA/AT,NA,4,147927315,T,A,0.400109,0.0071,0.0165,0.4303030303030303,0.6685,54162,AD,T,A,A,T,T,A,TRUE
rs31940,rs249239,0.956081,1,AG/GT,NA,5,11488796,T,G,0.132476,-0.0233,0.0221,-1.0542986425339367,0.2928,54162,AD,A,G,G,T,A,G,TRUE
rs10456918,rs12190099,1,1,CC/AT,NA,6,119142264,T,C,0.132524,-0.0177,0.0205,-0.8634146341463415,0.3884,54162,AD,C,C,A,T,C,A,TRUE
rs113182709,rs147716602,0.856538,0.94883,AA/GG,NA,8,143285272,G,A,0.00926599,0.0189,0.0632,0.2990506329113924,0.7654,54162,AD,A,A,G,G,A,G,TRUE
rs790647,rs2791460,0.820518,1,AG/CA,NA,10,106787040,A,G,0.211051,-0.0043,0.0203,-0.2118226600985222,0.8308,54162,AD,A,G,C,A,A,C,TRUE
rs9704097,rs7130544,1,1,AC/CG,NA,11,24976464,G,C,0.51058,-0.0025,0.0157,-0.159236,0.8748,54162,AD,A,C,C,G,A,C,TRUE
rs77128898,rs11602847,0.843867,0.957108,TT/CC,NA,11,61288269,C,T,0.050472,0.0416,0.0842,0.49406175771971494,0.6212,54162,AD,T,T,C,C,T,C,TRUE
rs76878669,rs11227464,0.903901,1,GA/CG,NA,11,66115264,G,A,0.272362,0.1025,0.0706,1.451841359773371,0.1466,54162,AD,G,A,C,G,G,C,TRUE
rs28513670,rs8029478,1,1,GT/AC,NA,15,65973494,C,T,0.217108,-0.0073,0.0205,-0.35609756097560974,0.7212,54162,AD,G,T,A,C,G,A,TRUE
rs1964927,rs1964926,1,1,AA/GG,NA,21,42653121,A,G,0.621058,-0.0264,0.016,-1.65,0.1001,54162,AD,A,A,G,G,G,A,TRUE
rs77719387,NA,NA,NA,NA,NA,NA,NA,NA,NA,NA,NA,NA,NA,NA,NA,NA,NA,NA,NA,NA,NA,NA,NA
rs7803932,NA,NA,NA,NA,NA,NA,NA,NA,NA,NA,NA,NA,NA,NA,NA,NA,NA,NA,NA,NA,NA,NA,NA
rs7920624,NA,NA,NA,NA,NA,NA,NA,NA,NA,NA,NA,NA,NA,NA,NA,NA,NA,NA,NA,NA,NA,NA,NA
rs117895796,NA,NA,NA,NA,NA,NA,NA,NA,NA,NA,NA,NA,NA,NA,NA,NA,NA,NA,NA,NA,NA,NA,NA
rs117799466,NA,NA,NA,NA,NA,NA,NA,NA,NA,NA,NA,NA,NA,NA,NA,NA,NA,NA,NA,NA,NA,NA,NA
rs76608582,NA,NA,NA,NA,NA,NA,NA,NA,NA,NA,NA,NA,NA,NA,NA,NA,NA,NA,NA,NA,NA,NA,NA
rs192436652,NA,NA,NA,NA,NA,NA,NA,NA,NA,NA,NA,NA,NA,NA,NA,NA,NA,NA,NA,NA,NA,NA,NA
