target_snp,proxy_snp,ld.r2,Dprime,PHASE,X12,CHROM,POS,REF.proxy,ALT.proxy,AF,BETA,SE,Z,P,N,TRAIT,ref,ref.proxy,alt,alt.proxy,ALT,REF,proxy.outcome
rs55683518,rs62167783,0.940187,0.991571,GT/TA,NA,2,147458160,A,T,0.428467,-0.0049,0.005841,-0.8388974490669406,0.4016,3146,CSF_ab42,G,T,T,A,G,T,TRUE
rs370771,rs13197753,1,1,GG/TC,NA,6,105372685,G,C,0.552651,-0.002173,0.0056689999999999996,-0.383313,0.7015,3146,CSF_ab42,G,G,T,C,T,G,TRUE
rs6984111,rs4840480,0.986073,0.993012,CC/TT,NA,8,10215039,C,T,0.809187,0.003289,0.008604,0.382264,0.7023,3146,CSF_ab42,C,C,T,T,T,C,TRUE
rs9576155,rs9576156,0.918641,1,AT/GC,NA,13,37620397,C,T,0.373004,0.00935,0.006536,1.4305385556915546,0.1527,3146,CSF_ab42,A,T,G,C,A,G,TRUE
rs11693221,NA,NA,NA,NA,NA,NA,NA,NA,NA,NA,NA,NA,NA,NA,NA,NA,NA,NA,NA,NA,NA,NA,NA
