target_snp,proxy_snp,ld.r2,Dprime,PHASE,X12,CHROM,POS,REF.proxy,ALT.proxy,AF,BETA,SE,Z,P,N,TRAIT,ref,ref.proxy,alt,alt.proxy,ALT,REF,proxy.outcome
rs149225394,rs1887170,0.898025,0.990149,TA/AG,NA,6,35787580,G,A,0.2943,0.0398,0.0157,2.5350318471337583,0.01126,63926,LOAD,T,A,A,G,T,A,TRUE
rs13219480,rs7760694,1,1,TC/CT,NA,6,94294501,C,T,0.537,-0.0045,0.0143,-0.31468531468531463,0.7546,63926,LOAD,T,C,C,T,C,T,TRUE
rs9705482,rs1910243,1,1,TT/CC,NA,12,38951794,C,T,0.0128,0.1316,0.0648,2.0308641975308643,0.04224,63926,LOAD,T,T,C,C,T,C,TRUE
rs562341509,rs9304223,1,1,CA/TG,NA,18,38206385,G,A,0.3398,-2e-4,0.0154,-0.012987012987012988,0.9913,63926,LOAD,C,A,T,G,C,T,TRUE
rs113803686,NA,NA,NA,NA,NA,NA,NA,NA,NA,NA,NA,NA,NA,NA,NA,NA,NA,NA,NA,NA,NA,NA,NA
