SNP,effect_allele.exposure,other_allele.exposure,effect_allele.outcome,other_allele.outcome,beta.exposure,beta.outcome,eaf.exposure,eaf.outcome,remove,palindromic,ambiguous,id.outcome,se.outcome,z.outcome,pval.outcome,samplesize.outcome,outcome,mr_keep.outcome,pval_origin.outcome,se.exposure,z.exposure,pval.exposure,samplesize.exposure,exposure,mr_keep.exposure,pval_origin.exposure,id.exposure,action,mr_keep,pt
rs11733695,A,G,A,G,-0.07060599999999999,0.1179,0.00543085,0.00543085,FALSE,FALSE,FALSE,nc91yC,0.0806,1.4627791563275434,0.1434,54162,Lambert2013load,TRUE,reported,0.006726100000000001,-10.49731642407933,9.12010839355912e-26,121253,SanchezRoige2018auditt,TRUE,reported,HJAOrc,2,TRUE,5e-8
rs11940694,G,A,G,A,0.011217,0.0363,0.605493,0.605493,FALSE,FALSE,FALSE,nc91yC,0.0167,2.17365,0.029410000000000002,54162,Lambert2013load,TRUE,reported,0.0012337,9.092161789738187,9.84011105761131e-20,117878,SanchezRoige2018auditt,TRUE,reported,HJAOrc,2,TRUE,5e-8
rs1260326,C,T,C,T,0.0077771,8e-4,0.613661,0.613661,FALSE,FALSE,FALSE,nc91yC,0.0161,0.0496894,0.9608,54162,Lambert2013load,TRUE,reported,0.0012240999999999999,6.353320807123602,2.11202959746102e-10,121604,SanchezRoige2018auditt,TRUE,reported,HJAOrc,2,TRUE,5e-8
rs13107325,T,C,T,C,-0.016801,0.0509,0.0473169,0.0473169,FALSE,FALSE,FALSE,nc91yC,0.0308,1.6525974025974026,0.09826,54162,Lambert2013load,TRUE,reported,0.0023022,-7.297802102336895,2.9444216337987606e-13,121604,SanchezRoige2018auditt,TRUE,reported,HJAOrc,2,TRUE,5e-8
rs4953148,T,A,T,A,0.007290100000000001,-0.0021,0.393324,0.393324,FALSE,TRUE,FALSE,nc91yC,0.0178,-0.11797752808988764,0.9072,54162,Lambert2013load,TRUE,reported,0.0013128,5.553092626447289,2.8106062003344e-8,119522,SanchezRoige2018auditt,TRUE,reported,HJAOrc,2,TRUE,5e-8
rs578102530,A,G,A,G,-0.010102999999999999,-0.1478,0.0639145,0.0639145,FALSE,FALSE,FALSE,nc91yC,0.0377,-3.920424403183024,8.797e-5,54162,Lambert2013load,TRUE,reported,0.0016385999999999998,-6.1656291956548275,7.05180021862077e-10,102419,SanchezRoige2018auditt,TRUE,reported,HJAOrc,2,TRUE,5e-8
rs9607805,T,C,T,C,0.0074364999999999995,-0.0423,0.738703,0.738703,FALSE,FALSE,FALSE,nc91yC,0.0176,-2.40341,0.01653,54162,Lambert2013load,TRUE,reported,0.0013495,5.510559466469062,3.58096437102636e-8,120262,SanchezRoige2018auditt,TRUE,reported,HJAOrc,2,TRUE,5e-8
