target_snp,proxy_snp,ld.r2,Dprime,PHASE,X12,CHROM,POS,REF.proxy,ALT.proxy,AF,BETA,SE,Z,P,N,TRAIT,ref,ref.proxy,alt,alt.proxy,ALT,REF,proxy.outcome
rs13082002,rs35883702,0.992051,0.996018,AG/TC,NA,3,117316062,C,G,0.4648,-0.0493,0.0193,-2.5544,0.01059,40255,AAOS,A,G,T,C,A,T,TRUE
rs12514375,rs1445980,0.979437,1,TA/AG,NA,5,60798733,G,A,0.3771,0.0052,0.0125,0.416,0.6766,40255,AAOS,T,A,A,G,T,A,TRUE
rs200268729,rs1982859,0.945749,1,CG/TA,NA,11,91617541,A,G,0.0962,0.0278,0.0202,1.37624,0.1684,40255,AAOS,C,G,T,A,C,T,TRUE
rs34634095,rs510388,0.935389,1,CT/AG,NA,11,111451869,T,G,0.6916,0.0025,0.013,0.192308,0.8492,40255,AAOS,C,T,A,G,A,C,TRUE
rs1667369,rs141327507,0.886312,0.995181,CT/AC,NA,19,37444579,C,T,0.325,0.011,0.013,0.8461538461538461,0.3954,40255,AAOS,C,T,A,C,C,A,TRUE
rs4073278,NA,NA,NA,NA,NA,NA,NA,NA,NA,NA,NA,NA,NA,NA,NA,NA,NA,NA,NA,NA,NA,NA,NA
