target_snp,proxy_snp,ld.r2,Dprime,PHASE,X12,CHROM,POS,REF.proxy,ALT.proxy,AF,BETA,SE,Z,P,N,TRAIT,ref,ref.proxy,alt,alt.proxy,ALT,REF,proxy.outcome
rs12153566,rs12153281,1,1,TC/AT,NA,5,26952016,C,T,0.831144,0.00522589,0.00302523,1.72744,0.081,446118,Sleep_Duration,T,C,A,T,A,T,TRUE
rs316341,rs316339,0.980728,1,GA/AG,NA,6,2838046,A,G,0.69538,0.00161374,0.00246851,0.65373,0.54,446118,Sleep_Duration,G,A,A,G,A,G,TRUE
rs61957926,rs2209577,0.987506,0.995809,TA/CG,NA,13,71686172,A,G,0.612117,0.00472377,0.00232459,2.03209,0.040999999999999995,446118,Sleep_Duration,T,A,C,G,C,T,TRUE
