target_snp,proxy_snp,ld.r2,Dprime,PHASE,X12,CHROM,POS,REF.proxy,ALT.proxy,AF,BETA,SE,Z,P,N,TRAIT,ref,ref.proxy,alt,alt.proxy,ALT,REF,proxy.outcome
rs67474621,rs1486096,0.937188,0.98363,TA/AG,NA,1,72584184,G,A,0.4614,0.011503129884087622,0.008661995394644293,1.328,0.1841,26814,Hippocampal_Volume,T,A,A,G,T,A,TRUE
rs8059021,rs8055396,0.933577,0.978812,TT/CA,NA,16,51466140,T,A,0.6993,0.0248196049051277,0.009415631602855728,2.636,0.008378,26814,Hippocampal_Volume,T,T,C,A,C,T,TRUE
