target_snp,proxy_snp,ld.r2,Dprime,PHASE,X12,CHROM,POS,REF.proxy,ALT.proxy,AF,BETA,SE,Z,P,N,TRAIT,ref,ref.proxy,alt,alt.proxy,ALT,REF,proxy.outcome
rs149225394,rs1887170,0.898025,0.990149,TA/AG,NA,6,35787580,G,A,0.294,0.0015,0.0147,0.10204081632653061,0.9214,40255,AAOS,T,A,A,G,T,A,TRUE
rs13219480,rs7760694,1,1,TC/CT,NA,6,94294501,C,T,0.5402,-0.0115,0.0122,-0.9426229508196721,0.3459,40255,AAOS,T,C,C,T,C,T,TRUE
rs9705482,rs1910243,1,1,TT/CC,NA,12,38951794,C,T,0.0129,0.0121,0.0596,0.2030201342281879,0.8396,40255,AAOS,T,T,C,C,T,C,TRUE
rs562341509,rs9304223,1,1,CA/TG,NA,18,38206385,G,A,0.3401,-0.0083,0.0127,-0.6535433070866142,0.5127,40255,AAOS,C,A,T,G,C,T,TRUE
rs113803686,NA,NA,NA,NA,NA,NA,NA,NA,NA,NA,NA,NA,NA,NA,NA,NA,NA,NA,NA,NA,NA,NA,NA
