target_snp,proxy_snp,ld.r2,Dprime,PHASE,X12,CHROM,POS,REF.proxy,ALT.proxy,AF,BETA,SE,Z,P,N,TRAIT,ref,ref.proxy,alt,alt.proxy,ALT,REF,proxy.outcome
rs58889493,rs62250714,1,1,TG/AA,NA,3,85515776,G,A,0.6205,-0.0811,0.07200000000000001,-1.1263888888888889,0.2597,4046,Neuritic_Plaques,T,G,A,A,A,T,TRUE
rs2741351,rs2640723,0.935856,0.976004,AG/CA,NA,8,27418325,G,A,0.8373,-0.0011,0.0972,-0.01131687242798354,0.9908,4046,Neuritic_Plaques,A,G,C,A,C,A,TRUE
rs113001570,rs75494138,0.835244,1,TT/AC,NA,11,46465361,C,T,0.0834,-0.0293,0.139,-0.2107913669064748,0.833,4046,Neuritic_Plaques,T,T,A,C,T,A,TRUE
rs632811,rs11630265,0.9436,0.973517,GC/AT,NA,15,59159826,C,T,0.6768,-7e-4,0.0761,-0.009198423127463863,0.9922,4046,Neuritic_Plaques,G,C,A,T,A,G,TRUE
rs59208569,rs7351050,0.911767,0.993099,GA/CG,NA,19,4044579,G,A,0.1225,-0.0656,0.1332,-0.4924924924924925,0.6225,4046,Neuritic_Plaques,G,A,C,G,G,C,TRUE
rs1737894,rs293534,0.983131,0.995736,GG/CA,NA,20,31065490,A,G,0.3898,-0.0106,0.0737,-0.143826,0.8861,4046,Neuritic_Plaques,G,G,C,A,G,C,TRUE
rs6663484,NA,NA,NA,NA,NA,NA,NA,NA,NA,NA,NA,NA,NA,NA,NA,NA,NA,NA,NA,NA,NA,NA,NA
rs2072659,NA,NA,NA,NA,NA,NA,NA,NA,NA,NA,NA,NA,NA,NA,NA,NA,NA,NA,NA,NA,NA,NA,NA
