target_snp,proxy_snp,ld.r2,Dprime,PHASE,X12,CHROM,POS,REF.proxy,ALT.proxy,AF,BETA,SE,Z,P,N,TRAIT,ref,ref.proxy,alt,alt.proxy,ALT,REF,proxy.outcome
rs645040,rs687339,0.983172,0.994344,GC/TT,NA,3,135932359,C,T,0.768,-0.028999999999999998,0.0676,-0.4289940828402367,0.6679,2764,VBI_any,G,C,T,T,T,G,TRUE
rs2072915,rs2076311,1,1,AA/TC,NA,6,33145369,C,A,0.3226,-0.0325,0.0626,-0.5191693290734825,0.6039,2764,VBI_any,A,A,T,C,A,T,TRUE
rs2180314,rs2144696,0.99592,1,CT/GC,NA,6,52621781,T,C,0.5927,0.0475,0.0594,0.799663,0.4233,2764,VBI_any,C,T,G,C,G,C,TRUE
rs4738684,rs9297994,1,1,AG/GA,NA,8,59392324,G,A,0.6573,0.0149,0.0609,0.24466338259441706,0.8073,2764,VBI_any,A,G,G,A,G,A,TRUE
