target_snp,proxy_snp,ld.r2,Dprime,PHASE,X12,CHROM,POS,REF.proxy,ALT.proxy,AF,BETA,SE,Z,P,N,TRAIT,ref,ref.proxy,alt,alt.proxy,ALT,REF,proxy.outcome
rs194833,rs194834,0.996031,1,GG/TA,NA,7,103762313,G,A,0.462783,0.00391224,0.00226968,1.7237,0.076,446118,Sleep_Duration,G,G,T,A,T,G,TRUE
rs4296031,rs1809327,1,1,GG/AA,NA,11,42536345,G,A,0.820442,0.00469781,0.00295067,1.59212,0.11,446118,Sleep_Duration,G,G,A,A,A,G,TRUE
rs12815451,rs7315646,0.863025,1,CA/TT,NA,12,51741617,T,A,0.135835,0.00608505,0.00343268,1.77268,0.084,446118,Sleep_Duration,C,A,T,T,C,T,TRUE
rs2316766,rs2106785,0.994535,1,TT/GC,NA,17,43919105,C,T,0.221768,-0.01633,0.0027353,-5.97009,2.0999999999999998e-9,446118,Sleep_Duration,T,T,G,C,T,G,TRUE
