target_snp,proxy_snp,ld.r2,Dprime,PHASE,X12,CHROM,POS,REF.proxy,ALT.proxy,AF,BETA,SE,Z,P,N,TRAIT,ref,ref.proxy,alt,alt.proxy,ALT,REF,proxy.outcome
rs6878122,rs7708285,0.955243,0.990741,GG/AA,NA,5,76425867,G,A,0.699,-0.1019,0.0638,-1.5971786833855801,0.1106,2764,VBI_any,G,G,A,A,A,G,TRUE
rs72892910,rs62405437,0.972828,1,TC/GT,NA,6,50813729,T,C,0.1844,0.0811,0.0738,1.09892,0.272,2764,VBI_any,T,C,G,T,T,G,TRUE
rs13234269,rs6973807,0.995991,1,AG/TA,NA,7,130423972,A,G,0.4884,0.0068,0.0597,0.113903,0.9099,2764,VBI_any,A,G,T,A,A,T,TRUE
rs17411031,rs17411045,1,1,GC/CT,NA,8,19852362,T,C,0.2591,-0.0468,0.0652,-0.717791,0.4736,2764,VBI_any,G,C,C,T,G,C,TRUE
rs1333039,rs10965223,1,1,GG/CA,NA,9,22067004,G,A,0.5971,-0.0099,0.0619,-0.15993537964458807,0.8729,2764,VBI_any,G,G,C,A,C,G,TRUE
rs1758632,rs2486675,1,1,CT/GG,NA,9,33845079,G,T,0.3772,0.0318,0.0601,0.5291181364392679,0.5966,2764,VBI_any,C,T,G,G,C,G,TRUE
rs11591741,rs11597086,1,1,CC/GA,NA,10,101953705,A,C,0.4273,0.0488,0.059000000000000004,0.827119,0.408,2764,VBI_any,C,C,G,A,C,G,TRUE
rs963740,rs9316500,1,1,TG/AT,NA,13,51094114,T,G,0.3005,-0.0991,0.0632,-1.56804,0.1169,2764,VBI_any,T,G,A,T,T,A,TRUE
rs4932143,rs7111,0.994944,1,GT/CC,NA,15,90373873,T,C,0.7295,-0.0254,0.0646,-0.393189,0.6935,2764,VBI_any,G,T,C,C,C,G,TRUE
rs9844972,NA,NA,NA,NA,NA,NA,NA,NA,NA,NA,NA,NA,NA,NA,NA,NA,NA,NA,NA,NA,NA,NA,NA
rs10830963,NA,NA,NA,NA,NA,NA,NA,NA,NA,NA,NA,NA,NA,NA,NA,NA,NA,NA,NA,NA,NA,NA,NA
