target_snp,proxy_snp,ld.r2,Dprime,PHASE,X12,CHROM,POS,REF.proxy,ALT.proxy,AF,BETA,SE,Z,P,N,TRAIT,ref,ref.proxy,alt,alt.proxy,ALT,REF,proxy.outcome
rs140184756,rs148037510,1,1,GG/AA,NA,4,99267157,A,G,0.00162925,-34.9162,36.5901,-0.95425265304003,0.34,8237,Hippocampal_Volume,G,G,A,A,G,A,TRUE
rs6951574,rs987053,0.848263,0.977967,CT/TG,NA,7,153476140,G,T,0.491818,-0.4418,5.8609,-0.07538091419406576,0.9399,9305,Hippocampal_Volume,C,T,T,G,C,T,TRUE
rs28601761,rs112875651,0.804853,0.941059,GA/CG,NA,8,126506694,G,A,0.419756,-5.4919,4.9751,-1.103877308998814,0.2696,13163,Hippocampal_Volume,G,A,C,G,G,C,TRUE
rs2049045,rs6265,0.962549,1,CT/GC,NA,11,27679916,C,T,0.16364,-5.4182,5.8029,-0.933705561012597,0.3505,13163,Hippocampal_Volume,C,T,G,C,C,G,TRUE
rs1123285,rs2274794,0.939305,0.982019,GT/CC,NA,14,57283934,C,T,0.333455,0.5479999999999999,4.9295,0.11116746120296175,0.9115,13163,Hippocampal_Volume,G,T,C,C,G,C,TRUE
rs79616692,rs11648570,0.969235,1,CC/GT,NA,16,72356964,T,C,0.0952899,-14.0322,8.1004,-1.7322848254407188,0.08322,13163,Hippocampal_Volume,C,C,G,T,C,G,TRUE
rs13332432,rs3794666,0.911587,0.97073,GT/CC,NA,16,85723042,C,T,0.298869,-4.1851,5.1726,-0.8090902060859143,0.4185,13163,Hippocampal_Volume,G,T,C,C,G,C,TRUE
rs140572477,NA,NA,NA,NA,NA,NA,NA,NA,NA,NA,NA,NA,NA,NA,NA,NA,NA,NA,NA,NA,NA,NA,NA
rs76640332,NA,NA,NA,NA,NA,NA,NA,NA,NA,NA,NA,NA,NA,NA,NA,NA,NA,NA,NA,NA,NA,NA,NA
