target_snp,proxy_snp,ld.r2,Dprime,PHASE,X12,CHROM,POS,REF.proxy,ALT.proxy,AF,BETA,SE,Z,P,N,TRAIT,ref,ref.proxy,alt,alt.proxy,ALT,REF,proxy.outcome
rs13082002,rs35883702,0.992051,0.996018,AG/TC,NA,3,117316062,C,G,0.472555,-0.006344,0.005362,-1.183140619171951,0.2369,3146,CSF_ptau,A,G,T,C,A,T,TRUE
rs12514375,rs1445980,0.979437,1,TA/AG,NA,5,60798733,G,A,0.365644,0.0018100000000000002,0.0055,0.32909090909090916,0.7421,3146,CSF_ptau,T,A,A,G,T,A,TRUE
rs34634095,rs510388,0.935389,1,CT/AG,NA,11,111451869,T,G,0.703381,0.003234,0.005746,0.562826,0.5736,3146,CSF_ptau,C,T,A,G,A,C,TRUE
rs16959955,rs9920036,0.957053,0.983598,CA/TG,NA,15,48015116,G,A,0.352888,0.0053159999999999995,0.007803,0.681276432141484,0.4958,3146,CSF_ptau,C,A,T,G,C,T,TRUE
rs380743,rs1231281,0.992,0.995992,AA/GG,NA,19,49239200,G,A,0.384719,-0.002916,0.005391,-0.5409015025041737,0.5886,3146,CSF_ptau,A,A,G,G,A,G,TRUE
rs2413052,rs9606833,0.977395,0.988633,CC/TT,NA,22,31750013,T,C,0.25,0.002077,0.006513,0.3189006602180255,0.7498,3146,CSF_ptau,C,C,T,T,C,T,TRUE
rs11134442,NA,NA,NA,NA,NA,NA,NA,NA,NA,NA,NA,NA,NA,NA,NA,NA,NA,NA,NA,NA,NA,NA,NA
rs28703977,NA,NA,NA,NA,NA,NA,NA,NA,NA,NA,NA,NA,NA,NA,NA,NA,NA,NA,NA,NA,NA,NA,NA
rs12700239,NA,NA,NA,NA,NA,NA,NA,NA,NA,NA,NA,NA,NA,NA,NA,NA,NA,NA,NA,NA,NA,NA,NA
