SNP,effect_allele.exposure,other_allele.exposure,effect_allele.outcome,other_allele.outcome,beta.exposure,beta.outcome,eaf.exposure,eaf.outcome,remove,palindromic,ambiguous,id.outcome,se.outcome,z.outcome,pval.outcome,samplesize.outcome,outcome,mr_keep.outcome,pval_origin.outcome,se.exposure,z.exposure,pval.exposure,samplesize.exposure,exposure,mr_keep.exposure,pval_origin.exposure,id.exposure,action,mr_keep,pt
rs12129573,A,C,A,C,0.04779919713327302,-0.0031165496999230108,0.361,0.3677,FALSE,FALSE,FALSE,RTzJg4,0.008955602585985663,-0.34800000000000003,0.7277,26814,Hilbar2017hipv,TRUE,reported,0.0082,5.829170382106465,5.45e-9,173005,Wray2018mdd,TRUE,reported,BXhjZd,2,TRUE,5e-8
rs1950829,G,A,G,A,-0.0454035,0.00394738,0.514,0.5083,FALSE,FALSE,FALSE,RTzJg4,0.008637585301670891,0.457,0.648,26814,Hilbar2017hipv,TRUE,reported,0.0079,-5.74728,8.151e-9,173005,Wray2018mdd,TRUE,reported,BXhjZd,2,TRUE,5e-8
rs3132582,A,T,A,T,-0.07460501873783458,-0.040542854024986995,0.127,0.1636,FALSE,TRUE,FALSE,RTzJg4,0.02608935265443179,-1.5539999999999998,0.1201,5366,Hilbar2017hipv,TRUE,reported,0.012,-6.217084894819548,4.728000000000001e-10,173005,Wray2018mdd,TRUE,reported,BXhjZd,2,TRUE,5e-8
rs437955,C,T,C,T,-0.0774979,-0.0352964,0.106,0.0963,FALSE,FALSE,FALSE,RTzJg4,0.030323328661751643,-1.164,0.2443,6247,Hilbar2017hipv,TRUE,reported,0.0128,-6.05453,1.3150000000000001e-9,173005,Wray2018mdd,TRUE,reported,BXhjZd,2,TRUE,5e-8
rs6905391,A,G,A,G,-0.07400182394148885,-0.019413142724376498,0.147,0.14,FALSE,FALSE,FALSE,RTzJg4,0.012444322259215705,-1.5599999999999998,0.1188,26814,Hilbar2017hipv,TRUE,reported,0.0112,-6.607305709061505,3.4680000000000003e-11,173005,Wray2018mdd,TRUE,reported,BXhjZd,2,TRUE,5e-8
rs6934329,G,A,G,A,-0.0628997,-0.0202217,0.178,0.1774,FALSE,FALSE,FALSE,RTzJg4,0.011303348613450594,-1.789,0.07354,26814,Hilbar2017hipv,TRUE,reported,0.0104,-6.04805,1.416e-9,173005,Wray2018mdd,TRUE,reported,BXhjZd,2,TRUE,5e-8
rs7531118,C,T,C,T,0.0449974,0.0118702,0.524,0.525,FALSE,FALSE,FALSE,RTzJg4,0.009026753863537192,1.315,0.1885,24605,Hilbar2017hipv,TRUE,reported,0.008,5.62467,2.151e-8,173005,Wray2018mdd,TRUE,reported,BXhjZd,2,TRUE,5e-8
rs76025409,C,G,C,G,0.05670164286930381,0.010166208770775549,0.358,0.3542,FALSE,TRUE,FALSE,RTzJg4,0.009028604592163009,1.1260000000000001,0.2602,26814,Hilbar2017hipv,TRUE,reported,0.0085,6.670781514035742,2.315e-11,173005,Wray2018mdd,TRUE,reported,BXhjZd,2,TRUE,5e-8
