SNP,effect_allele.exposure,other_allele.exposure,effect_allele.outcome,other_allele.outcome,beta.exposure,beta.outcome,eaf.exposure,eaf.outcome,remove,palindromic,ambiguous,id.outcome,chr.outcome,pos.outcome,se.outcome,z.outcome,pval.outcome,samplesize.outcome,outcome,mr_keep.outcome,pval_origin.outcome,chr.exposure,pos.exposure,se.exposure,z.exposure,pval.exposure,samplesize.exposure,exposure,mr_keep.exposure,pval_origin.exposure,id.exposure,action,mr_keep,pt,mrpresso_RSSobs,mrpresso_pval,mrpresso_keep
rs12129573,A,C,A,C,0.04779919713327302,-0.0031165496999230108,0.361,0.3677,FALSE,FALSE,FALSE,YizOGn,1,73768366,0.008955602585985663,-0.34800000000000003,0.7277,26814,Hilbar2017hipv,TRUE,reported,1,73768366,0.0082,5.829170382106465,5.45e-9,173005,Wray2018mdd,TRUE,reported,G0gIFw,2,TRUE,5e-8,NA,NA,TRUE
rs1950829,G,A,G,A,-0.0454035,0.00394738,0.514,0.5083,FALSE,FALSE,FALSE,YizOGn,14,42097937,0.008637585301670891,0.457,0.648,26814,Hilbar2017hipv,TRUE,reported,14,42097937,0.0079,-5.74728,8.151e-9,173005,Wray2018mdd,TRUE,reported,G0gIFw,2,TRUE,5e-8,NA,NA,TRUE
rs28360987,A,G,A,G,0.07129688188203383,-0.02153038085987449,0.116,0.1137,FALSE,FALSE,FALSE,YizOGn,6,30994253,0.028181126779940432,-0.764,0.4451,6247,Hilbar2017hipv,TRUE,reported,6,30994253,0.0128,5.5700688970338925,2.6349999999999998e-8,173005,Wray2018mdd,TRUE,reported,G0gIFw,2,TRUE,5e-8,NA,NA,TRUE
rs6905391,A,G,A,G,-0.07400182394148885,-0.019413142724376498,0.147,0.14,FALSE,FALSE,FALSE,YizOGn,6,28262686,0.012444322259215705,-1.5599999999999998,0.1188,26814,Hilbar2017hipv,TRUE,reported,6,28262686,0.0112,-6.607305709061505,3.4680000000000003e-11,173005,Wray2018mdd,TRUE,reported,G0gIFw,2,TRUE,5e-8,NA,NA,TRUE
rs7531118,C,T,C,T,0.0449974,0.0118702,0.524,0.525,FALSE,FALSE,FALSE,YizOGn,1,72837239,0.009026753863537192,1.315,0.1885,24605,Hilbar2017hipv,TRUE,reported,1,72837239,0.008,5.62467,2.151e-8,173005,Wray2018mdd,TRUE,reported,G0gIFw,2,TRUE,5e-8,NA,NA,TRUE
rs76025409,C,G,C,G,0.05670164286930381,0.010166208770775549,0.358,0.3542,FALSE,TRUE,FALSE,YizOGn,5,103783801,0.009028604592163009,1.1260000000000001,0.2602,26814,Hilbar2017hipv,TRUE,reported,5,103783801,0.0085,6.670781514035742,2.315e-11,173005,Wray2018mdd,TRUE,reported,G0gIFw,2,TRUE,5e-8,NA,NA,TRUE
