target_snp,proxy_snp,ld.r2,Dprime,PHASE,X12,CHROM,POS,REF.proxy,ALT.proxy,AF,BETA,SE,Z,P,N,TRAIT,ref,ref.proxy,alt,alt.proxy,ALT,REF,proxy.outcome
rs1801214,rs9998519,0.974513,0.99566,CC/TT,NA,4,6292909,C,T,0.587139,0.0253,0.0159,1.59119,0.1117,54162,AD,C,C,T,T,T,C,TRUE
rs7674212,rs7691873,0.99187,0.995927,TC/GT,NA,4,103987899,T,C,0.423889,-2e-4,0.0165,-0.012121212121212121,0.9911,54162,AD,T,C,G,T,T,G,TRUE
rs6878122,rs7708285,0.955243,0.990741,GG/AA,NA,5,76425867,G,A,0.743111,-0.0067,0.0176,-0.380682,0.7056,54162,AD,G,G,A,A,A,G,TRUE
rs72892910,rs62405437,0.972828,1,TC/GT,NA,6,50813729,T,C,0.234112,0.0046,0.0203,0.22660098522167488,0.8219,54162,AD,T,C,G,T,T,G,TRUE
rs753270,rs1250591,0.817405,0.968434,TA/CG,NA,10,80985374,A,G,0.528,0.0249,0.0159,1.56604,0.1173,54162,AD,T,A,C,G,C,T,TRUE
