target_snp,proxy_snp,ld.r2,Dprime,PHASE,X12,CHROM,POS,REF.proxy,ALT.proxy,AF,BETA,SE,Z,P,N,TRAIT,ref,ref.proxy,alt,alt.proxy,ALT,REF,proxy.outcome
rs6699744,rs2012697,1,1,AT/TC,NA,1,72819612,T,C,0.6189,0.0395,0.059000000000000004,0.669492,0.5032,2764,Vascular_Brain_Injury,A,T,T,C,T,A,TRUE
rs4458235,rs6717316,1,1,AG/TA,NA,2,79703384,G,A,0.6748,0.0904,0.0622,1.4533762057877813,0.1459,2764,Vascular_Brain_Injury,A,G,T,A,T,A,TRUE
rs2463652,rs2695439,0.996007,1,AA/CC,NA,2,157120584,C,A,0.4606,0.0937,0.0577,1.6239168110918545,0.1042,2764,Vascular_Brain_Injury,A,A,C,C,A,C,TRUE
rs13082002,rs34465253,0.988089,0.996006,AC/TA,NA,3,117316006,A,C,0.4681,-0.1237,0.0576,-2.14757,0.03157,2764,Vascular_Brain_Injury,A,C,T,A,A,T,TRUE
rs12514375,rs1445980,0.979437,1,TA/AG,NA,5,60798733,G,A,0.3766,-0.0806,0.0599,-1.345575959933222,0.1783,2764,Vascular_Brain_Injury,T,A,A,G,T,A,TRUE
rs34634095,rs510388,0.935389,1,CT/AG,NA,11,111451869,T,G,0.7007,-0.0865,0.064,-1.35156,0.1763,2764,Vascular_Brain_Injury,C,T,A,G,A,C,TRUE
rs12826749,rs10880887,0.995959,1,GT/CC,NA,12,46412001,C,T,0.4187,0.0386,0.0588,0.6564625850340137,0.5113,2764,Vascular_Brain_Injury,G,T,C,C,G,C,TRUE
rs560815,rs1436698,1,1,TC/AT,NA,13,55920686,C,T,0.7245,0.0405,0.0651,0.6221198156682027,0.5338,2764,Vascular_Brain_Injury,T,C,A,T,A,T,TRUE
rs12721051,rs56131196,1,1,GA/CG,NA,19,45422846,G,A,0.3165,-0.2314,0.0827,-2.7980652962515116,0.005159,2764,Vascular_Brain_Injury,G,A,C,G,G,C,TRUE
