target_snp,proxy_snp,ld.r2,Dprime,PHASE,X12,CHROM,POS,REF.proxy,ALT.proxy,AF,BETA,SE,Z,P,N,TRAIT,ref,ref.proxy,alt,alt.proxy,ALT,REF,proxy.outcome
rs36016753,rs2088248,1,1,AG/GA,NA,1,187275417,A,G,0.4029,-0.0729,0.0735,-0.991837,0.3217,4046,Neuritic_Plaques,A,G,G,A,A,G,TRUE
rs13340130,rs3772895,1,1,TG/AA,NA,3,81769493,A,G,0.3369,0.018,0.0761,0.236531,0.8131,4046,Neuritic_Plaques,T,G,A,A,T,A,TRUE
rs701760,rs4833412,0.900497,0.991453,CC/GT,NA,4,113410427,C,T,0.4691,0.0578,0.0746,0.774798927613941,0.4389,4046,Neuritic_Plaques,C,C,G,T,G,C,TRUE
rs10125463,rs6474946,0.992051,1,TT/AC,NA,9,15674969,C,T,0.486,-0.0589,0.0699,-0.8426323319027181,0.3991,4046,Neuritic_Plaques,T,T,A,C,T,A,TRUE
rs3909727,rs3909726,1,1,AG/GA,NA,11,126587391,G,A,0.8452,-0.0212,0.1001,-0.2117882117882118,0.8321,4046,Neuritic_Plaques,A,G,G,A,G,A,TRUE
rs136528,rs136527,0.971716,0.991783,CC/GA,NA,22,27245222,A,C,0.4013,0.0387,0.0751,0.515313,0.6064,4046,Neuritic_Plaques,C,C,G,A,C,G,TRUE
