target_snp,proxy_snp,ld.r2,Dprime,PHASE,X12,CHROM,POS,REF.proxy,ALT.proxy,AF,BETA,SE,Z,P,N,TRAIT,ref,ref.proxy,alt,alt.proxy,ALT,REF,proxy.outcome
rs12052908,rs8179610,0.99603,1,TT/AG,NA,2,22500090,G,T,0.473,-73.5677,109.02,-0.674809209319391,0.4998,32176,Cortical_Surface_Area,T,T,A,G,T,A,TRUE
rs2419079,rs4852785,1,1,TC/AA,NA,2,71647809,C,A,0.5721,162.3261,110.4048,1.4702811834268075,0.1415,32176,Cortical_Surface_Area,T,C,A,A,A,T,TRUE
rs3962026,rs1437438,1,1,CT/GG,NA,2,117824229,T,G,0.584,66.518,117.5173,0.566027,0.5714,31033,Cortical_Surface_Area,C,T,G,G,G,C,TRUE
rs1385051,rs34207047,1,1,TC/AA,NA,4,80199323,C,A,0.5317,8.6528,109.9155,0.07872229121461485,0.9373,32176,Cortical_Surface_Area,T,C,A,A,A,T,TRUE
rs1213397,rs554514,0.968342,0.995924,AA/TG,NA,5,111130274,G,A,0.429,58.6603,111.0068,0.5284387983438853,0.5972,32176,Cortical_Surface_Area,A,A,T,G,A,T,TRUE
rs3756335,rs3806842,0.988104,1,AC/TT,NA,5,140212676,C,T,0.5238,84.3484,110.747,0.7616314663151146,0.4463,32176,Cortical_Surface_Area,A,C,T,T,T,A,TRUE
rs1414592,rs36008280,1,1,GT/CC,NA,6,76242840,C,T,0.5188,133.6478,109.2963,1.2228026017349167,0.2214,32176,Cortical_Surface_Area,G,T,C,C,G,C,TRUE
rs1933802,rs11156429,1,1,CT/GG,NA,6,105364421,T,G,0.5435,-22.0271,111.7316,-0.197143,0.8437,32176,Cortical_Surface_Area,C,T,G,G,G,C,TRUE
rs2876520,rs1396898,0.852262,0.941742,GG/CA,NA,6,142990718,A,G,0.4633,-304.858,110.0378,-2.77049,0.0055969999999999995,31907,Cortical_Surface_Area,G,G,C,A,G,C,TRUE
rs2029865,rs9365756,1,1,AT/TG,NA,6,165123497,G,T,0.4521,134.5385,113.1196,1.1893473810020545,0.2343,31907,Cortical_Surface_Area,A,T,T,G,A,T,TRUE
rs2247523,rs2522831,0.992047,1,GC/CT,NA,7,82448100,T,C,0.4733,-26.265,108.6675,-0.241701,0.809,32176,Cortical_Surface_Area,G,C,C,T,G,C,TRUE
rs751996,rs11761517,0.913353,0.963351,CT/GC,NA,7,158532706,C,T,0.4575,-30.2347,119.1814,-0.2536863973740869,0.7997,29099,Cortical_Surface_Area,C,T,G,C,C,G,TRUE
rs11030381,rs7127383,0.975158,0.987501,TC/AT,NA,11,28591587,C,T,0.5922,5.2785,112.8327,0.0467816510639203,0.9627,32176,Cortical_Surface_Area,T,C,A,T,A,T,TRUE
rs4534926,rs4799719,0.988087,1,GA/CC,NA,18,31347097,A,C,0.4901,-91.8824,113.5871,-0.808916,0.4186,31790,Cortical_Surface_Area,G,A,C,C,C,G,TRUE
rs151204187,NA,NA,NA,NA,NA,NA,NA,NA,NA,NA,NA,NA,NA,NA,NA,NA,NA,NA,NA,NA,NA,NA,NA
rs1795210,NA,NA,NA,NA,NA,NA,NA,NA,NA,NA,NA,NA,NA,NA,NA,NA,NA,NA,NA,NA,NA,NA,NA
