target_snp,proxy_snp,ld.r2,Dprime,PHASE,X12,CHROM,POS,REF.proxy,ALT.proxy,AF,BETA,SE,Z,P,N,TRAIT,ref,ref.proxy,alt,alt.proxy,ALT,REF,proxy.outcome
rs13204736,rs3104415,0.822269,1,AC/GA,NA,6,32582577,A,C,0.3235,0.00155454,0.020727148695372198,0.075,0.9401,5318,Hippocampal_Volume,A,C,G,A,A,G,TRUE
rs62646255,rs1574430,0.971797,0.995868,CA/TC,NA,6,43269029,A,C,0.5984,-0.0167266,0.008808102362275073,-1.899,0.05756,26814,Hippocampal_Volume,C,A,T,C,T,C,TRUE
rs2270550,rs2131957,0.856412,0.982009,TC/CA,NA,10,75866929,C,A,0.5881,0.0067907669015322795,0.008773600647974522,0.7739999999999999,0.4387,26814,Hippocampal_Volume,T,C,C,A,C,T,TRUE
