target_snp,proxy_snp,ld.r2,Dprime,PHASE,X12,CHROM,POS,REF.proxy,ALT.proxy,AF,BETA,SE,Z,P,N,TRAIT,ref,ref.proxy,alt,alt.proxy,ALT,REF,proxy.outcome
rs13082002,rs35883702,0.992051,0.996018,AG/TC,NA,3,117316062,C,G,0.4666,0.022156,0.008654704821247059,2.56,0.01045,26814,Hippocampal_Volume,A,G,T,C,A,T,TRUE
rs12514375,rs1445980,0.979437,1,TA/AG,NA,5,60798733,G,A,0.3691,-0.020042841938349886,0.008947697293906199,-2.24,0.0251,26814,Hippocampal_Volume,T,A,A,G,T,A,TRUE
rs34634095,rs510388,0.935389,1,CT/AG,NA,11,111451869,T,G,0.7023,0.00999149,0.009443747862444287,1.058,0.2901,26814,Hippocampal_Volume,C,T,A,G,A,C,TRUE
