target_snp,proxy_snp,ld.r2,Dprime,PHASE,X12,CHROM,POS,REF.proxy,ALT.proxy,AF,BETA,SE,Z,P,N,TRAIT,ref,ref.proxy,alt,alt.proxy,ALT,REF,proxy.outcome
rs67474621,rs1486096,0.937188,0.98363,TA/AG,NA,1,72584184,G,A,0.474,0.0503,0.0585,0.8598290598290598,0.3902,2764,VBI_any,T,A,A,G,T,A,TRUE
rs1449404,rs9849399,1,1,GC/CA,NA,3,85537665,A,C,0.2467,-0.0807,0.0662,-1.21903,0.2231,2764,VBI_any,G,C,C,A,G,C,TRUE
rs3734543,rs34605993,1,1,CT/GC,NA,6,26454363,C,T,0.0889,0.1068,0.1324,0.8066465256797584,0.4197,2764,VBI_any,C,T,G,C,C,G,TRUE
rs3094084,rs1628680,1,1,TA/AG,NA,6,30988825,G,A,0.1559,-0.1788,0.1035,-1.727536231884058,0.08412,2764,VBI_any,T,A,A,G,T,A,TRUE
rs3096690,rs3130297,0.986588,1,CT/GC,NA,6,32198981,C,T,0.1097,-0.0344,0.1158,-0.2970639032815199,0.7664,2764,VBI_any,C,T,G,C,C,G,TRUE
rs11986122,rs11993089,0.995827,1,GT/CG,NA,8,10009952,G,T,0.3702,9e-4,0.0727,0.012379642365887207,0.9905,2764,VBI_any,G,T,C,G,G,C,TRUE
rs1217101,rs1217098,0.952979,0.994539,CA/GC,NA,8,64623652,A,C,0.7668,-0.0343,0.0691,-0.496382,0.6194,2764,VBI_any,C,A,G,C,G,C,TRUE
rs3136469,rs3136468,1,1,AC/TT,NA,11,46749246,T,C,0.0817,-0.0084,0.10800000000000001,-0.0777778,0.9382,2764,VBI_any,A,C,T,T,A,T,TRUE
rs191728525,rs61979093,0.890369,0.985923,GT/TG,NA,14,29744968,G,T,0.3226,-0.013000000000000001,0.0638,-0.20376175548589345,0.8390000000000001,2764,VBI_any,G,T,T,G,G,T,TRUE
rs242641,rs242630,0.995469,1,TA/CG,NA,18,58850666,G,A,0.3229,-0.0533,0.0623,-0.85553772070626,0.3922,2764,VBI_any,T,A,C,G,T,C,TRUE
rs34555420,NA,NA,NA,NA,NA,NA,NA,NA,NA,NA,NA,NA,NA,NA,NA,NA,NA,NA,NA,NA,NA,NA,NA
