target_snp,proxy_snp,ld.r2,Dprime,PHASE,X12,CHROM,POS,REF.proxy,ALT.proxy,AF,BETA,SE,Z,P,N,TRAIT,ref,ref.proxy,alt,alt.proxy,ALT,REF,proxy.outcome
rs12052908,rs8179610,0.99603,1,TT/AG,NA,2,22500090,G,T,0.4748,0.022000000000000002,0.0704,0.3125,0.7552,4046,Neuritic_Plaques,T,T,A,G,T,A,TRUE
rs3099439,rs3099438,0.988087,0.996005,CA/TG,NA,5,87557207,A,G,0.5401,0.2166,0.0726,2.98347,0.0028469999999999997,4046,Neuritic_Plaques,C,A,T,G,T,C,TRUE
rs10061069,rs6556833,0.988394,1,CC/GT,NA,5,93104707,T,C,0.2259,0.0058,0.086,0.0674419,0.9464,4046,Neuritic_Plaques,C,C,G,T,C,G,TRUE
rs1150697,rs2622315,0.919058,0.958675,GA/CG,NA,6,28152567,G,A,0.1054,-0.0474,0.1189,-0.3986543313708999,0.6903,4046,Neuritic_Plaques,G,A,C,G,G,C,TRUE
rs1933802,rs11156429,1,1,CT/GG,NA,6,105364421,T,G,0.5401,0.0712,0.0722,0.98615,0.3242,4046,Neuritic_Plaques,C,T,G,G,G,C,TRUE
rs2876520,rs1396898,0.852262,0.941742,GG/CA,NA,6,142990718,A,G,0.4709,0.012,0.0708,0.169492,0.8654,4046,Neuritic_Plaques,G,G,C,A,G,C,TRUE
rs2029865,rs9365756,1,1,AT/TG,NA,6,165123497,G,T,0.4555,0.0658,0.0706,0.9320113314447592,0.3514,4046,Neuritic_Plaques,A,T,T,G,A,T,TRUE
rs2247523,rs2522831,0.992047,1,GC/CT,NA,7,82448100,T,C,0.4309,-0.0838,0.0729,-1.14952,0.2505,4046,Neuritic_Plaques,G,C,C,T,G,C,TRUE
rs2709906,rs3094462,0.943309,1,AA/CG,NA,7,82935415,G,A,0.408,-0.0228,0.0736,-0.3097826086956522,0.7566,4046,Neuritic_Plaques,A,A,C,G,A,C,TRUE
rs1982277,rs958538,0.946393,0.994358,CC/TT,NA,9,11522951,T,C,0.2536,-0.0768,0.0835,-0.91976,0.3577,4046,Neuritic_Plaques,C,C,T,T,C,T,TRUE
rs12789028,rs1783541,0.826112,0.938762,AT/GC,NA,11,65294799,C,T,0.203,-0.0798,0.0876,-0.910958904109589,0.3626,4046,Neuritic_Plaques,A,T,G,C,A,G,TRUE
rs56327309,rs17410557,0.917005,0.986597,GC/CT,NA,18,50776391,T,C,0.3873,0.0537,0.0742,0.72372,0.4693,4046,Neuritic_Plaques,G,C,C,T,G,C,TRUE
rs143186028,rs6072350,0.993271,1,TC/GT,NA,20,39985847,T,C,0.2084,-0.0835,0.0924,-0.90368,0.3664,4046,Neuritic_Plaques,T,C,G,T,T,G,TRUE
rs67436663,NA,NA,NA,NA,NA,NA,NA,NA,NA,NA,NA,NA,NA,NA,NA,NA,NA,NA,NA,NA,NA,NA,NA
rs12967143,NA,NA,NA,NA,NA,NA,NA,NA,NA,NA,NA,NA,NA,NA,NA,NA,NA,NA,NA,NA,NA,NA,NA
