target_snp,proxy_snp,ld.r2,Dprime,PHASE,X12,CHROM,POS,REF.proxy,ALT.proxy,AF,BETA,SE,Z,P,N,TRAIT,ref,ref.proxy,alt,alt.proxy,ALT,REF,proxy.outcome
rs4608688,rs4687727,1,1,GG/CT,NA,3,53422146,G,T,0.5391,159.7735,109.459,1.4596652627924611,0.1444,32176,Cortical_Surface_Area,G,G,C,T,C,G,TRUE
rs13082002,rs34465253,0.988089,0.996006,AC/TA,NA,3,117316006,A,C,0.4695,85.517,109.7681,0.77907,0.4359,32176,Cortical_Surface_Area,A,C,T,A,A,T,TRUE
rs12514375,rs1445980,0.979437,1,TA/AG,NA,5,60798733,G,A,0.3729,13.6063,113.8358,0.11952566767220855,0.9049,31790,Cortical_Surface_Area,T,A,A,G,T,A,TRUE
rs62515047,rs7822015,1,1,TC/AT,NA,8,77154222,T,C,0.4222,225.07,120.6086,1.86612,0.062020000000000006,31984,Cortical_Surface_Area,T,C,A,T,T,A,TRUE
rs7088854,rs7089579,1,1,AC/TT,NA,10,13606905,T,C,0.4816,-235.189,111.5259,-2.10883,0.034960000000000005,31816,Cortical_Surface_Area,A,C,T,T,A,T,TRUE
rs200268729,rs1982859,0.945749,1,CG/TA,NA,11,91617541,A,G,0.0948,-418.792,184.6993,-2.26743,0.02336,32176,Cortical_Surface_Area,C,G,T,A,C,T,TRUE
rs34634095,rs510388,0.935389,1,CT/AG,NA,11,111451869,T,G,0.6982,83.5936,120.059,0.696271,0.4863,32176,Cortical_Surface_Area,C,T,A,G,A,C,TRUE
rs175404,rs273723,0.988032,0.995987,AG/TA,NA,18,23162688,A,G,0.4675,85.4169,109.0003,0.783639,0.4333,32176,Cortical_Surface_Area,A,G,T,A,A,T,TRUE
rs1667369,rs141327507,0.886312,0.995181,CT/AC,NA,19,37444579,C,T,0.3329,-69.7409,116.9939,-0.5961071474666628,0.5511,32176,Cortical_Surface_Area,C,T,A,C,C,A,TRUE
rs56323322,NA,NA,NA,NA,NA,NA,NA,NA,NA,NA,NA,NA,NA,NA,NA,NA,NA,NA,NA,NA,NA,NA,NA
rs4073278,NA,NA,NA,NA,NA,NA,NA,NA,NA,NA,NA,NA,NA,NA,NA,NA,NA,NA,NA,NA,NA,NA,NA
rs113707810,NA,NA,NA,NA,NA,NA,NA,NA,NA,NA,NA,NA,NA,NA,NA,NA,NA,NA,NA,NA,NA,NA,NA
