target_snp,proxy_snp,ld.r2,Dprime,PHASE,X12,CHROM,POS,REF.proxy,ALT.proxy,AF,BETA,SE,Z,P,N,TRAIT,ref,ref.proxy,alt,alt.proxy,ALT,REF,proxy.outcome
rs13032049,rs12993804,0.92967,0.99495,GA/AT,NA,2,63494689,T,A,0.261343,-0.0033,0.0171,-0.19298245614035087,0.8452,54162,LOAD,G,A,A,T,G,A,TRUE
rs2972155,rs2943649,1,1,CC/GG,NA,2,227105691,C,G,0.64008,0.0083,0.0161,0.515528,0.605,54162,LOAD,C,C,G,G,G,C,TRUE
rs9860769,rs12638482,1,1,CC/TT,NA,3,85454815,C,T,0.679753,-7e-4,0.0158,-0.0443038,0.966,54162,LOAD,C,C,T,T,T,C,TRUE
rs4916723,rs62369151,0.838276,0.968238,CC/AT,NA,5,87883503,T,C,0.416848,0.0045,0.0161,0.2795031055900621,0.7771,54162,LOAD,C,C,A,T,C,A,TRUE
rs500321,rs647163,0.990215,1,AC/TT,NA,13,27118023,C,T,0.760334,-4e-4,0.0176,-0.0227273,0.9836,54162,LOAD,A,C,T,T,T,A,TRUE
rs34704785,rs12871346,1,1,CC/TT,NA,13,68100360,C,T,0.518464,-0.0069,0.0155,-0.445161,0.657,54162,LOAD,C,C,T,T,T,C,TRUE
rs76640332,rs112480703,0.951323,1,AC/GT,NA,17,44189799,T,C,0.14111,-0.0498,0.0199,-2.50251256281407,0.012240000000000001,54162,LOAD,A,C,G,T,A,G,TRUE
rs8107737,rs3826705,1,1,GC/TT,NA,19,42637232,T,C,0.0966921,-0.0052,0.0242,-0.21487603305785125,0.8303,54162,LOAD,G,C,T,T,G,T,TRUE
rs184083806,NA,NA,NA,NA,NA,NA,NA,NA,NA,NA,NA,NA,NA,NA,NA,NA,NA,NA,NA,NA,NA,NA,NA
rs10711214,NA,NA,NA,NA,NA,NA,NA,NA,NA,NA,NA,NA,NA,NA,NA,NA,NA,NA,NA,NA,NA,NA,NA
rs57828851,NA,NA,NA,NA,NA,NA,NA,NA,NA,NA,NA,NA,NA,NA,NA,NA,NA,NA,NA,NA,NA,NA,NA
