target_snp,proxy_snp,ld.r2,Dprime,PHASE,X12,CHROM,POS,REF.proxy,ALT.proxy,AF,BETA,SE,Z,P,N,TRAIT,ref,ref.proxy,alt,alt.proxy,ALT,REF,proxy.outcome
rs67474621,rs1486096,0.937188,0.98363,TA/AG,NA,1,72584184,G,A,0.488558,-0.0383,0.0155,-2.470967741935484,0.013669999999999998,54162,AD,T,A,A,G,T,A,TRUE
rs35202262,rs58616630,0.909656,1,TG/CA,NA,6,27474715,A,G,0.0716099,0.0012,0.0309,0.038834951456310676,0.9698,54162,AD,T,G,C,A,T,C,TRUE
rs3129682,rs9257800,0.985245,1,TT/CC,NA,6,29340743,C,T,0.0781307,-0.0126,0.0313,-0.402555910543131,0.6888,54162,AD,T,T,C,C,T,C,TRUE
rs3136469,rs3136468,1,1,AC/TT,NA,11,46749246,T,C,0.0945455,-0.0074,0.0289,-0.25605536332179935,0.7981,54162,AD,A,C,T,T,A,T,TRUE
rs191728525,rs61979093,0.890369,0.985923,GT/TG,NA,14,29744968,G,T,0.331516,-0.004,0.0167,-0.23952095808383234,0.8113,54162,AD,G,T,T,G,G,T,TRUE
rs242641,rs154911,0.995469,1,TT/CA,NA,18,58834567,A,T,0.349365,-0.0057,0.0168,-0.3392857142857143,0.7347,54162,AD,T,T,C,A,T,C,TRUE
