target_snp,proxy_snp,ld.r2,Dprime,PHASE,X12,CHROM,POS,REF.proxy,ALT.proxy,AF,BETA,SE,Z,P,N,TRAIT,ref,ref.proxy,alt,alt.proxy,ALT,REF,proxy.outcome
rs194833,rs194834,0.996031,1,GG/TA,NA,7,103762313,G,A,0.4684,-0.0489,0.0206,-2.3737864077669903,0.0173,729908,Pulse_Pressure,G,G,T,A,T,G,TRUE
rs4296031,rs1809327,1,1,GG/AA,NA,11,42536345,G,A,0.8116,-0.0017,0.0263,-0.06463878326996197,0.9471,738170,Pulse_Pressure,G,G,A,A,A,G,TRUE
rs12815451,rs7315646,0.863025,1,CA/TT,NA,12,51741617,T,A,0.1451,0.0647,0.0317,2.0410094637223972,0.04125,744813,Pulse_Pressure,C,A,T,T,C,T,TRUE
rs2316766,rs2106785,0.994535,1,TT/GC,NA,17,43919105,C,T,0.2195,-0.1239,0.0261,-4.747126436781609,2.0769999999999998e-6,707437,Pulse_Pressure,T,T,G,C,T,G,TRUE
