target_snp,proxy_snp,ld.r2,Dprime,PHASE,X12,CHROM,POS,REF.proxy,ALT.proxy,AF,BETA,SE,Z,P,N,TRAIT,ref,ref.proxy,alt,alt.proxy,ALT,REF,proxy.outcome
rs55683518,rs62167783,0.940187,0.991571,GT/TA,NA,2,147458160,A,T,0.428467,0.003144,0.004182,0.7517934002869441,0.4523,3146,CSF_ab42,G,T,T,A,G,T,TRUE
rs370771,rs13197753,1,1,GG/TC,NA,6,105372685,G,C,0.552651,0.008503,0.004058,2.09537,0.03621,3146,CSF_ab42,G,G,T,C,T,G,TRUE
rs6984111,rs4840480,0.986073,0.993012,CC/TT,NA,8,10215039,C,T,0.809187,0.004811,0.005918,0.812944,0.4164,3146,CSF_ab42,C,C,T,T,T,C,TRUE
rs9576155,rs9576156,0.918641,1,AT/GC,NA,13,37620397,C,T,0.373004,0.002559,0.00449,0.5699331848552338,0.5688,3146,CSF_ab42,A,T,G,C,A,G,TRUE
rs11693221,NA,NA,NA,NA,NA,NA,NA,NA,NA,NA,NA,NA,NA,NA,NA,NA,NA,NA,NA,NA,NA,NA,NA
