target_snp,proxy_snp,ld.r2,Dprime,PHASE,X12,CHROM,POS,REF.proxy,ALT.proxy,AF,BETA,SE,Z,P,N,TRAIT,ref,ref.proxy,alt,alt.proxy,ALT,REF,proxy.outcome
rs6699744,rs2012697,1,1,AT/TC,NA,1,72819612,T,C,0.6197,0.0492,0.0446,1.10314,0.2698,4735,Neurofibrillary_Tangles,A,T,T,C,T,A,TRUE
rs4458235,rs6717316,1,1,AG/TA,NA,2,79703384,G,A,0.6766,-0.02,0.0472,-0.42372881355932207,0.6714,4735,Neurofibrillary_Tangles,A,G,T,A,T,A,TRUE
rs2463652,rs2695439,0.996007,1,AA/CC,NA,2,157120584,C,A,0.4584,0.0323,0.0439,0.7357630979498861,0.4615,4735,Neurofibrillary_Tangles,A,A,C,C,A,C,TRUE
rs13082002,rs34465253,0.988089,0.996006,AC/TA,NA,3,117316006,A,C,0.4657,-0.0052,0.0438,-0.118721,0.9059,4735,Neurofibrillary_Tangles,A,C,T,A,A,T,TRUE
rs12514375,rs1445980,0.979437,1,TA/AG,NA,5,60798733,G,A,0.3776,-0.019,0.0448,-0.42410714285714285,0.6716,4735,Neurofibrillary_Tangles,T,A,A,G,T,A,TRUE
rs34634095,rs510388,0.935389,1,CT/AG,NA,11,111451869,T,G,0.7019,0.01,0.0485,0.206186,0.8361,4735,Neurofibrillary_Tangles,C,T,A,G,A,C,TRUE
rs12826749,rs10880887,0.995959,1,GT/CC,NA,12,46412001,C,T,0.4209,0.0207,0.0445,0.46516853932584273,0.6415,4735,Neurofibrillary_Tangles,G,T,C,C,G,C,TRUE
rs560815,rs1436698,1,1,TC/AT,NA,13,55920686,C,T,0.7238,-0.0232,0.0491,-0.4725050916496945,0.637,4735,Neurofibrillary_Tangles,T,C,A,T,A,T,TRUE
rs12721051,rs56131196,1,1,GA/CG,NA,19,45422846,G,A,0.3031,0.8035,0.0637,12.613814756671898,1.6159999999999998e-36,4735,Neurofibrillary_Tangles,G,A,C,G,G,C,TRUE
