target_snp,proxy_snp,ld.r2,Dprime,PHASE,X12,CHROM,POS,REF.proxy,ALT.proxy,AF,BETA,SE,Z,P,N,TRAIT,ref,ref.proxy,alt,alt.proxy,ALT,REF,proxy.outcome
rs141954845,rs11130821,1,1,AC/GG,NA,3,61185652,G,C,0.405238,-0.002837,0.005772,-0.49151074151074153,0.623,3146,CSF_tau,A,C,G,G,A,G,TRUE
rs60157091,rs13359224,1,1,CT/TA,NA,5,61483093,T,A,0.504727,-9.614e-4,0.005601,-0.171648,0.8637,3146,CSF_tau,C,T,T,A,T,C,TRUE
rs2876520,rs1396898,0.852262,0.941742,GG/CA,NA,6,142990718,A,G,0.46235,-2.675e-4,0.0056689999999999996,-0.04718645263714941,0.9624,3146,CSF_tau,G,G,C,A,G,C,TRUE
rs7932640,rs7929619,1,1,TA/CG,NA,11,88744416,A,G,0.514149,-0.002921,0.005769,-0.506327,0.6127,3146,CSF_tau,T,A,C,G,C,T,TRUE
rs1045430,rs7152906,1,1,TT/GC,NA,14,75125540,T,C,0.52799,-0.006978,0.005581,-1.2503135638774412,0.2113,3146,CSF_tau,T,T,G,C,G,T,TRUE
rs7241572,rs11664298,0.985392,1,AA/GG,NA,18,77578986,G,A,0.197014,0.0013189999999999999,0.007254000000000001,0.18183071408877857,0.8557,3146,CSF_tau,A,A,G,G,A,G,TRUE
rs1466887,NA,NA,NA,NA,NA,NA,NA,NA,NA,NA,NA,NA,NA,NA,NA,NA,NA,NA,NA,NA,NA,NA,NA
rs198457,NA,NA,NA,NA,NA,NA,NA,NA,NA,NA,NA,NA,NA,NA,NA,NA,NA,NA,NA,NA,NA,NA,NA
rs10774600,NA,NA,NA,NA,NA,NA,NA,NA,NA,NA,NA,NA,NA,NA,NA,NA,NA,NA,NA,NA,NA,NA,NA
