target_snp,proxy_snp,ld.r2,Dprime,PHASE,X12,CHROM,POS,REF.proxy,ALT.proxy,AF,BETA,SE,Z,P,N,TRAIT,ref,ref.proxy,alt,alt.proxy,ALT,REF,proxy.outcome
rs11940694,rs4975013,0.901443,0.977884,AA/GG,NA,4,39423789,G,A,0.38337,-0.009012000000000001,0.005790999999999999,-1.5562079088240377,0.1198,3146,CSF_tau,A,A,G,G,A,G,TRUE
rs35040843,rs13259661,0.938802,0.995331,TC/CT,NA,8,93345304,T,C,0.31833,0.001301,0.006344,0.20507566204287517,0.8376,3146,CSF_tau,T,C,C,T,T,C,TRUE
rs62062288,rs62641967,0.945918,0.983286,AG/GT,NA,17,44047216,T,G,0.147657,-0.003961999999999999,0.007065000000000001,-0.5607926397735313,0.5749,3146,CSF_tau,A,G,G,T,A,G,TRUE
rs492602,rs571689,0.885394,0.991314,GT/AC,NA,19,49207554,C,T,0.413695,-0.002834,0.0056560000000000004,-0.501060820367751,0.6164,3146,CSF_tau,G,T,A,C,G,A,TRUE
rs4953148,NA,NA,NA,NA,NA,NA,NA,NA,NA,NA,NA,NA,NA,NA,NA,NA,NA,NA,NA,NA,NA,NA,NA
rs144198753,NA,NA,NA,NA,NA,NA,NA,NA,NA,NA,NA,NA,NA,NA,NA,NA,NA,NA,NA,NA,NA,NA,NA
rs11733695,NA,NA,NA,NA,NA,NA,NA,NA,NA,NA,NA,NA,NA,NA,NA,NA,NA,NA,NA,NA,NA,NA,NA
