target_snp,proxy_snp,ld.r2,Dprime,PHASE,X12,CHROM,POS,REF.proxy,ALT.proxy,AF,BETA,SE,Z,P,N,TRAIT,ref,ref.proxy,alt,alt.proxy,ALT,REF,proxy.outcome
rs194833,rs194834,0.996031,1,GG/TA,NA,7,103762313,G,A,0.463727,0.00308751,0.00220958,1.39733,0.16,377234,MVPA,G,G,T,A,T,G,TRUE
rs4296031,rs1809327,1,1,GG/AA,NA,11,42536345,G,A,0.819659,0.00205121,0.00287003,0.7147,0.47,377234,MVPA,G,G,A,A,A,G,TRUE
rs12815451,rs7315646,0.863025,1,CA/TT,NA,12,51741617,T,A,0.135373,0.00291755,0.00334787,0.871465,0.38,377234,MVPA,C,A,T,T,C,T,TRUE
rs2316766,rs2106785,0.994535,1,TT/GC,NA,17,43919105,C,T,0.221713,0.0112972,0.00266351,4.24147,2.2e-5,377234,MVPA,T,T,G,C,T,G,TRUE
