target_snp,proxy_snp,ld.r2,Dprime,PHASE,X12,CHROM,POS,REF.proxy,ALT.proxy,AF,BETA,SE,Z,P,N,TRAIT,ref,ref.proxy,alt,alt.proxy,ALT,REF,proxy.outcome
rs28601761,rs112875651,0.804853,0.941059,GA/CG,NA,8,126506694,G,A,0.3849,0.0191,0.0625,0.3056,0.7597,2764,VBI_any,G,A,C,G,G,C,TRUE
rs2049045,rs6265,0.962549,1,CT/GC,NA,11,27679916,C,T,0.1906,0.0351,0.073,0.4808219178082192,0.6309,2764,VBI_any,C,T,G,C,C,G,TRUE
rs34704785,rs12871346,1,1,CC/TT,NA,13,68100360,C,T,0.5275,0.025,0.057999999999999996,0.4310344827586207,0.6668,2764,VBI_any,C,C,T,T,T,C,TRUE
rs1123285,rs2274794,0.939305,0.982019,GT/CC,NA,14,57283934,C,T,0.3213,0.0241,0.0631,0.3819334389857369,0.7023,2764,VBI_any,G,T,C,C,G,C,TRUE
rs79616692,rs11648570,0.969235,1,CC/GT,NA,16,72356964,T,C,0.1053,0.006,0.0968,0.0619835,0.9502,2764,VBI_any,C,C,G,T,C,G,TRUE
rs13332432,rs3794666,0.911587,0.97073,GT/CC,NA,16,85723042,C,T,0.2806,0.2239,0.0699,3.2031473533619454,0.001371,2764,VBI_any,G,T,C,C,G,C,TRUE
rs76640332,rs112480703,0.951323,1,AC/GT,NA,17,44189799,T,C,0.222,0.0015,0.0701,0.021398,0.9828,2764,VBI_any,A,C,G,T,A,G,TRUE
