target_snp,proxy_snp,ld.r2,Dprime,PHASE,X12,CHROM,POS,REF.proxy,ALT.proxy,AF,BETA,SE,Z,P,N,TRAIT,ref,ref.proxy,alt,alt.proxy,ALT,REF,proxy.outcome
rs35414371,rs36027619,0.991507,1,AT/TC,NA,4,17525356,C,T,0.1452,0.0498,0.1061,0.46936852026390197,0.6387,4046,Neuritic_Plaques,A,T,T,C,A,T,TRUE
rs62646255,rs1574430,0.971797,0.995868,CA/TC,NA,6,43269029,A,C,0.596,0.0157,0.0715,0.21958,0.8263,4046,Neuritic_Plaques,C,A,T,C,T,C,TRUE
rs2270550,rs2131957,0.856412,0.982009,TC/CA,NA,10,75866929,C,A,0.585,0.091,0.0734,1.2397820163487736,0.2154,4046,Neuritic_Plaques,T,C,C,A,C,T,TRUE
rs141403654,rs147856275,1,1,TG/AT,NA,11,47715485,T,G,0.0263,-0.4422,0.3071,-1.43992,0.1499,4046,Neuritic_Plaques,T,G,A,T,T,A,TRUE
