SNP,effect_allele.exposure,other_allele.exposure,effect_allele.outcome,other_allele.outcome,beta.exposure,beta.outcome,eaf.exposure,eaf.outcome,remove,palindromic,ambiguous,id.outcome,chr.outcome,pos.outcome,se.outcome,z.outcome,pval.outcome,samplesize.outcome,outcome,mr_keep.outcome,pval_origin.outcome,chr.exposure,pos.exposure,se.exposure,z.exposure,pval.exposure,samplesize.exposure,exposure,mr_keep.exposure,pval_origin.exposure,id.exposure,action,mr_keep,pleitropy_keep,pt
rs11979341,G,C,G,C,0.0655817,-2.08229e-4,0.3163,0.331755,FALSE,TRUE,FALSE,fm7M9a,7,155797978,9.014247934947272e-4,-0.231,0.8176,1232091,Liu2019smkint23andMe,TRUE,reported,7,155797978,0.00970861137968525,6.755,1.4239999999999999e-11,24484,Hilbar2017hipv,TRUE,reported,IbbCRh,2,TRUE,TRUE,5e-8
rs2268894,T,C,T,C,-0.056681699959825686,-0.008697009059090906,0.5412,0.559688,FALSE,FALSE,FALSE,fm7M9a,2,162856148,8.953988529899009e-4,-9.713,2.65e-22,1232091,Liu2019smkint23andMe,TRUE,reported,2,162856148,0.00865898257864737,-6.546,5.894e-11,26814,Hilbar2017hipv,TRUE,reported,IbbCRh,2,TRUE,FALSE,5e-8
rs2289881,T,G,T,G,-0.0501469012631794,8.574375052163864e-4,0.3544,0.365062,FALSE,FALSE,FALSE,fm7M9a,5,66084260,9.006696483365403e-4,0.9520000000000001,0.3412,1232091,Liu2019smkint23andMe,TRUE,reported,5,66084260,0.009022472339542892,-5.558,2.7280000000000003e-8,26814,Hilbar2017hipv,TRUE,reported,IbbCRh,2,TRUE,TRUE,5e-8
rs61921502,G,T,G,T,-0.107884,5.05054e-5,0.1534,0.14724,FALSE,FALSE,FALSE,fm7M9a,12,65832468,9.01882586895217e-4,0.056,0.9557,1232091,Liu2019smkint23andMe,TRUE,reported,12,65832468,0.011964510717245714,-9.017,1.941e-19,26814,Hilbar2017hipv,TRUE,reported,IbbCRh,2,TRUE,TRUE,5e-8
rs7020341,C,G,C,G,0.05989482492183185,-0.0034693400292996716,0.359,0.411583,FALSE,TRUE,FALSE,fm7M9a,9,119247974,8.987927537045782e-4,-3.86,1.136e-4,1232091,Liu2019smkint23andMe,TRUE,reported,9,119247974,0.009013517670704569,6.645,3.035e-11,26700,Hilbar2017hipv,TRUE,reported,IbbCRh,2,TRUE,TRUE,5e-8
rs77956314,C,T,C,T,0.161854,-3.65879e-4,0.084,0.0739178,FALSE,FALSE,FALSE,fm7M9a,12,117323367,9.011804879031734e-4,-0.406,0.6847,1232091,Liu2019smkint23andMe,TRUE,reported,12,117323367,0.015536015627474566,10.418,2.0550000000000002e-25,26814,Hilbar2017hipv,TRUE,reported,IbbCRh,2,TRUE,TRUE,5e-8
