SNP,effect_allele.exposure,other_allele.exposure,effect_allele.outcome,other_allele.outcome,beta.exposure,beta.outcome,eaf.exposure,eaf.outcome,remove,palindromic,ambiguous,id.outcome,chr.outcome,pos.outcome,se.outcome,z.outcome,pval.outcome,samplesize.outcome,outcome,mr_keep.outcome,pval_origin.outcome,chr.exposure,pos.exposure,se.exposure,z.exposure,pval.exposure,samplesize.exposure,exposure,mr_keep.exposure,pval_origin.exposure,id.exposure,action,mr_keep,pt,pleitropy_keep,mrpresso_RSSobs,mrpresso_pval,mrpresso_keep
rs12961169,T,C,T,C,0.05004,0.00627909,0.139556,0.1679,FALSE,FALSE,FALSE,BNu72y,18,77381649,0.00190740741179,3.2919447472,9.949715745269999e-4,1094865.04,Lee2018education23andMe,TRUE,reported,18,77381649,0.008013,6.244852115312618,5.117e-10,3146,Deming2017ptau,TRUE,reported,x5I3Ou,2,TRUE,5e-8,TRUE,5.5261731614179556e-5,0.0096,FALSE
rs35055419,C,T,C,T,0.0349,-0.00223854,0.349815,0.3728,FALSE,FALSE,FALSE,BNu72y,3,190663557,0.00145780883294,-1.53555,0.12464982112800001,1119924.01,Lee2018education23andMe,TRUE,reported,3,190663557,0.005653,6.173713072704759,7.624e-10,3146,Deming2017ptau,TRUE,reported,x5I3Ou,2,TRUE,5e-8,TRUE,1.5355042770027067e-5,0.0916,TRUE
rs514716,T,C,T,C,0.04876,6.11828e-4,0.844307,0.8735,FALSE,FALSE,FALSE,BNu72y,9,3929424,0.00210940816243,0.29004753603300004,0.771779871402,1131880.96,Lee2018education23andMe,TRUE,reported,9,3929424,0.008764,5.56367,2.935e-8,3146,Deming2017ptau,TRUE,reported,x5I3Ou,2,TRUE,5e-8,TRUE,2.6088110318536487e-7,1,TRUE
rs769449,A,G,A,G,0.0793,0.00346867,0.0998545,0.1211,FALSE,FALSE,FALSE,BNu72y,19,45410002,0.0021615145868000003,1.60474012583,0.108551007437,1119115,Lee2018education23andMe,TRUE,reported,19,45410002,0.006542,12.121675328645674,5.299e-33,3146,Deming2017ptau,TRUE,reported,x5I3Ou,2,TRUE,5e-8,FALSE,NA,NA,NA
rs9527039,C,T,C,T,-0.06097999999999999,9.02349e-4,0.0810909,0.0796,FALSE,FALSE,FALSE,BNu72y,13,53504675,0.00261532261358,0.345024,0.7300764283910001,1110539.03,Lee2018education23andMe,TRUE,reported,13,53504675,0.01045,-5.835406698564593,5.947e-9,3146,Deming2017ptau,TRUE,reported,x5I3Ou,2,TRUE,5e-8,TRUE,7.921102856114421e-6,1,TRUE
