target_snp,proxy_snp,ld.r2,Dprime,PHASE,X12,CHROM,POS,REF.proxy,ALT.proxy,AF,BETA,SE,Z,P,N,TRAIT,ref,ref.proxy,alt,alt.proxy,ALT,REF,proxy.outcome
rs915416,rs10799033,0.995069,1,CA/GG,NA,1,34733985,A,G,0.7086,0.0115,0.0489,0.235174,0.8147,4735,NFT_Braak_Four,C,A,G,G,G,C,TRUE
rs269054,rs269057,0.955316,1,AA/TG,NA,1,57863184,G,A,0.4285,0.0584,0.0441,1.3242630385487528,0.1852,4735,NFT_Braak_Four,A,A,T,G,A,T,TRUE
rs75539574,rs75892241,0.925931,0.984412,CC/AA,NA,2,58924285,A,C,0.1037,0.0723,0.0793,0.911728,0.3614,4735,NFT_Braak_Four,C,C,A,A,C,A,TRUE
rs35662245,rs4128364,0.982722,0.995632,AC/TT,NA,2,147612734,T,C,0.3332,0.0424,0.0462,0.917749,0.3588,4735,NFT_Braak_Four,A,C,T,T,A,T,TRUE
rs112230981,rs76258078,0.948037,1,GG/AA,NA,3,55823890,A,G,0.0487,-0.1221,0.1142,-1.06918,0.2848,4735,NFT_Braak_Four,G,G,A,A,G,A,TRUE
rs2079070,rs10255943,0.861117,0.959589,CA/GG,NA,7,114072443,A,G,0.6968,-0.0484,0.0493,-0.981744,0.326,4735,NFT_Braak_Four,C,A,G,G,G,C,TRUE
rs4333549,rs2409710,0.99601,1,CA/GG,NA,8,10979821,A,G,0.5359,0.0304,0.0529,0.574669,0.5651,4735,NFT_Braak_Four,C,A,G,G,G,C,TRUE
rs11039544,rs11039560,0.9925,1,AT/GC,NA,11,48196789,C,T,0.1628,0.0677,0.0612,1.1062091503267975,0.2685,4735,NFT_Braak_Four,A,T,G,C,A,G,TRUE
rs12791153,rs11603610,0.924871,0.986743,TG/AT,NA,11,80668994,T,G,0.0759,-0.0776,0.0968,-0.801653,0.4224,4735,NFT_Braak_Four,T,G,A,T,T,A,TRUE
rs11643715,rs8182198,0.834757,1,GT/CG,NA,16,23905225,G,T,0.2533,-0.0175,0.0513,-0.34113060428849906,0.7323,4735,NFT_Braak_Four,G,T,C,G,G,C,TRUE
rs10421649,rs12973413,0.9681,0.987871,TA/AG,NA,19,9942222,A,G,0.5414,-0.0262,0.0442,-0.59276,0.5529999999999999,4735,NFT_Braak_Four,T,A,A,G,A,T,TRUE
rs17732997,NA,NA,NA,NA,NA,NA,NA,NA,NA,NA,NA,NA,NA,NA,NA,NA,NA,NA,NA,NA,NA,NA,NA
rs147114641,NA,NA,NA,NA,NA,NA,NA,NA,NA,NA,NA,NA,NA,NA,NA,NA,NA,NA,NA,NA,NA,NA,NA
rs553223732,NA,NA,NA,NA,NA,NA,NA,NA,NA,NA,NA,NA,NA,NA,NA,NA,NA,NA,NA,NA,NA,NA,NA
rs538476570,NA,NA,NA,NA,NA,NA,NA,NA,NA,NA,NA,NA,NA,NA,NA,NA,NA,NA,NA,NA,NA,NA,NA
