target_snp,proxy_snp,ld.r2,Dprime,PHASE,X12,CHROM,POS,REF.proxy,ALT.proxy,AF,BETA,SE,Z,P,N,TRAIT,ref,ref.proxy,alt,alt.proxy,ALT,REF,proxy.outcome
rs28601761,rs112875651,0.804853,0.941059,GA/CG,NA,8,126506694,G,A,0.3872,0.0167,0.0467,0.3576017130620985,0.72,4735,NFT_Braak_Four,G,A,C,G,G,C,TRUE
rs2049045,rs6265,0.962549,1,CT/GC,NA,11,27679916,C,T,0.1957,-0.0433,0.0549,-0.7887067395264117,0.4299,4735,NFT_Braak_Four,C,T,G,C,C,G,TRUE
rs34704785,rs12871346,1,1,CC/TT,NA,13,68100360,C,T,0.5277,0.0343,0.0438,0.7831050228310502,0.4343,4735,NFT_Braak_Four,C,C,T,T,T,C,TRUE
rs1123285,rs2274794,0.939305,0.982019,GT/CC,NA,14,57283934,C,T,0.3248,0.0251,0.0472,0.5317796610169492,0.595,4735,NFT_Braak_Four,G,T,C,C,G,C,TRUE
rs79616692,rs11648570,0.969235,1,CC/GT,NA,16,72356964,T,C,0.1058,-0.0091,0.0728,-0.125,0.9005,4735,NFT_Braak_Four,C,C,G,T,C,G,TRUE
rs13332432,rs3794666,0.911587,0.97073,GT/CC,NA,16,85723042,C,T,0.2845,0.0526,0.0529,0.994328922495274,0.3195,4735,NFT_Braak_Four,G,T,C,C,G,C,TRUE
rs76640332,rs112480703,0.951323,1,AC/GT,NA,17,44189799,T,C,0.2119,0.0536,0.0546,0.981685,0.3256,4735,NFT_Braak_Four,A,C,G,T,A,G,TRUE
