target_snp,proxy_snp,ld.r2,Dprime,PHASE,X12,CHROM,POS,REF.proxy,ALT.proxy,AF,BETA,SE,Z,P,N,TRAIT,ref,ref.proxy,alt,alt.proxy,ALT,REF,proxy.outcome
rs35414371,rs36027619,0.991507,1,AT/TC,NA,4,17525356,C,T,0.1424,0.038,0.0647,0.5873261205564143,0.5569,4735,NFT_Braak_Four,A,T,T,C,A,T,TRUE
rs62646255,rs1574430,0.971797,0.995868,CA/TC,NA,6,43269029,A,C,0.6006,-0.0561,0.0443,-1.26637,0.20600000000000002,4735,NFT_Braak_Four,C,A,T,C,T,C,TRUE
rs2270550,rs2131957,0.856412,0.982009,TC/CA,NA,10,75866929,C,A,0.5899,0.0211,0.0449,0.46993318485523383,0.6383,4735,NFT_Braak_Four,T,C,C,A,C,T,TRUE
rs141403654,rs147856275,1,1,TG/AT,NA,11,47715485,T,G,0.0307,-0.1349,0.16699999999999998,-0.807784,0.4192,4735,NFT_Braak_Four,T,G,A,T,T,A,TRUE
