target_snp,proxy_snp,ld.r2,Dprime,PHASE,X12,CHROM,POS,REF.proxy,ALT.proxy,AF,BETA,SE,Z,P,N,TRAIT,ref,ref.proxy,alt,alt.proxy,ALT,REF,proxy.outcome
rs67474621,rs1486096,0.937188,0.98363,TA/AG,NA,1,72584184,G,A,0.483,0.0735,0.0705,1.0425531914893618,0.2977,4046,Neuritic_Plaques_Any,T,A,A,G,T,A,TRUE
rs1449404,rs9849399,1,1,GC/CA,NA,3,85537665,A,C,0.2304,-0.0011,0.0831,-0.0132371,0.9890000000000001,4046,Neuritic_Plaques_Any,G,C,C,A,G,C,TRUE
rs3734543,rs34605993,1,1,CT/GC,NA,6,26454363,C,T,0.0907,0.0271,0.1518,0.1785243741765481,0.8584,4046,Neuritic_Plaques_Any,C,T,G,C,C,G,TRUE
rs3129682,rs9257800,0.985245,1,TT/CC,NA,6,29340743,C,T,0.0921,0.0807,0.1664,0.4849759615384615,0.6278,4046,Neuritic_Plaques_Any,T,T,C,C,T,C,TRUE
rs3094084,rs1628680,1,1,TA/AG,NA,6,30988825,G,A,0.1547,0.1132,0.1226,0.9233278955954323,0.3556,4046,Neuritic_Plaques_Any,T,A,A,G,T,A,TRUE
rs3096690,rs3130297,0.986588,1,CT/GC,NA,6,32198981,C,T,0.1055,-0.0438,0.1437,-0.3048016701461378,0.7607,4046,Neuritic_Plaques_Any,C,T,G,C,C,G,TRUE
rs11986122,rs11993089,0.995827,1,GT/CG,NA,8,10009952,G,T,0.3904,-0.0752,0.0795,-0.9459119496855346,0.3443,4046,Neuritic_Plaques_Any,G,T,C,G,G,C,TRUE
rs1217101,rs1217098,0.952979,0.994539,CA/GC,NA,8,64623652,A,C,0.7681,-0.1303,0.0881,-1.479,0.1392,4046,Neuritic_Plaques_Any,C,A,G,C,G,C,TRUE
rs3136469,rs3136468,1,1,AC/TT,NA,11,46749246,T,C,0.0808,-0.2467,0.1266,-1.94866,0.05131,4046,Neuritic_Plaques_Any,A,C,T,T,A,T,TRUE
rs191728525,rs61979093,0.890369,0.985923,GT/TG,NA,14,29744968,G,T,0.3215,-0.0852,0.0776,-1.0979381443298968,0.2719,4046,Neuritic_Plaques_Any,G,T,T,G,G,T,TRUE
rs242641,rs242630,0.995469,1,TA/CG,NA,18,58850666,G,A,0.3045,-0.243,0.0768,-3.1640625,0.001556,4046,Neuritic_Plaques_Any,T,A,C,G,T,C,TRUE
rs34555420,NA,NA,NA,NA,NA,NA,NA,NA,NA,NA,NA,NA,NA,NA,NA,NA,NA,NA,NA,NA,NA,NA,NA
