target_snp,proxy_snp,ld.r2,Dprime,PHASE,X12,CHROM,POS,REF.proxy,ALT.proxy,AF,BETA,SE,Z,P,N,TRAIT,ref,ref.proxy,alt,alt.proxy,ALT,REF,proxy.outcome
rs12052908,rs8179610,0.99603,1,TT/AG,NA,2,22500090,G,T,0.473,-73.5677,109.02,-0.674809209319391,0.4998,32176,Cortical_Surface_Area,T,T,A,G,T,A,TRUE
rs7624274,rs56343799,0.995976,1,AA/TG,NA,3,71572406,G,A,0.4344,422.9959,109.7109,3.855550360082727,1.155e-4,32176,Cortical_Surface_Area,A,A,T,G,A,T,TRUE
rs7619041,rs9917786,0.996021,1,TT/AC,NA,3,152119585,T,C,0.5114,178.845,109.089,1.63944,0.1011,32176,Cortical_Surface_Area,T,T,A,C,A,T,TRUE
rs13234269,rs6973807,0.995991,1,AG/TA,NA,7,130423972,A,G,0.4855,80.7803,112.2654,0.719548,0.4718,32176,Cortical_Surface_Area,A,G,T,A,A,T,TRUE
rs1333039,rs10965223,1,1,GG/CA,NA,9,22067004,G,A,0.5935,-213.8822,111.3576,-1.9206789657823085,0.054770000000000006,32176,Cortical_Surface_Area,G,G,C,A,C,G,TRUE
rs11646985,rs12373070,0.807525,0.92767,CG/GA,NA,16,9766474,G,A,0.5062,-81.0012,113.626,-0.7128755742523718,0.4759,31790,Cortical_Surface_Area,C,G,G,A,G,C,TRUE
