target_snp,proxy_snp,ld.r2,Dprime,PHASE,X12,CHROM,POS,REF.proxy,ALT.proxy,AF,BETA,SE,Z,P,N,TRAIT,ref,ref.proxy,alt,alt.proxy,ALT,REF,proxy.outcome
rs36016753,rs2088248,1,1,AG/GA,NA,1,187275417,A,G,0.3934,0.0084,0.0582,0.14433000000000001,0.8856,2764,Vascular_Brain_Injury,A,G,G,A,A,G,TRUE
rs13340130,rs3772895,1,1,TG/AA,NA,3,81769493,A,G,0.3337,0.0563,0.0608,0.925987,0.3547,2764,Vascular_Brain_Injury,T,G,A,A,T,A,TRUE
rs701760,rs4833412,0.900497,0.991453,CC/GT,NA,4,113410427,C,T,0.3892,-0.0507,0.0647,-0.7836166924265844,0.4333,2764,Vascular_Brain_Injury,C,C,G,T,G,C,TRUE
rs10125463,rs6474946,0.992051,1,TT/AC,NA,9,15674969,C,T,0.4893,0.0386,0.0572,0.6748251748251749,0.5002,2764,Vascular_Brain_Injury,T,T,A,C,T,A,TRUE
rs3909727,rs3909726,1,1,AG/GA,NA,11,126587391,G,A,0.8447,0.0535,0.08199999999999999,0.6524390243902439,0.5141,2764,Vascular_Brain_Injury,A,G,G,A,G,A,TRUE
rs136528,rs136527,0.971716,0.991783,CC/GA,NA,22,27245222,A,C,0.3989,-0.0372,0.0608,-0.611842,0.5408,2764,Vascular_Brain_Injury,C,C,G,A,C,G,TRUE
