target_snp,proxy_snp,ld.r2,Dprime,PHASE,X12,CHROM,POS,REF.proxy,ALT.proxy,AF,BETA,SE,Z,P,N,TRAIT,ref,ref.proxy,alt,alt.proxy,ALT,REF,proxy.outcome
rs13136052,rs6842742,0.894598,0.966773,TA/GT,NA,4,139726981,T,A,0.428912,0.002255,0.004297,0.5247847335350245,0.5997,3146,CSF_ab42,T,A,G,T,T,G,TRUE
rs222449,rs222443,0.955063,0.99415,AG/TC,NA,6,52940484,G,C,0.761977,0.00432,0.0049369999999999995,0.875025,0.3816,3146,CSF_ab42,A,G,T,C,T,A,TRUE
rs10498846,rs10455615,0.865972,0.974247,TG/CT,NA,6,67471264,T,G,0.468437,-1.1570000000000001e-4,0.0041259999999999995,-0.0280416868637906,0.9776,3146,CSF_ab42,T,G,C,T,T,C,TRUE
rs3800227,rs3800229,0.866061,0.995077,AG/GT,NA,6,108996963,G,T,0.660124,-0.001876,0.00446,-0.420628,0.674,3146,CSF_ab42,A,G,G,T,G,A,TRUE
rs4236259,rs4725308,0.926765,0.995806,TG/GA,NA,7,1701128,G,A,0.450418,-0.004104,0.004143,-0.9905865314989138,0.3221,3146,CSF_ab42,T,G,G,A,G,T,TRUE
rs12333760,rs11976018,0.951541,1,CA/TG,NA,7,99122437,G,A,0.171335,0.00428,0.0056170000000000005,0.7619725832294818,0.4462,3146,CSF_ab42,C,A,T,G,C,T,TRUE
rs2378662,rs10780649,0.804124,0.93515,GT/AG,NA,9,86703561,T,G,0.492199,-0.004254,0.004208,-1.01093,0.3122,3146,CSF_ab42,G,T,A,G,A,G,TRUE
rs10159545,rs10828246,0.945919,0.982854,GC/CT,NA,10,21769216,T,C,0.363653,-0.0018920000000000002,0.004277,-0.44236614449380407,0.6583,3146,CSF_ab42,G,C,C,T,G,C,TRUE
rs62098013,rs56027651,0.870481,0.976611,AA/GT,NA,18,50807090,T,A,0.415939,-0.001744,0.004337,-0.4021212819921605,0.6876,3146,CSF_ab42,A,A,G,T,A,G,TRUE
rs11872397,rs12607948,0.839067,0.983167,AA/GC,NA,18,72478553,A,C,0.746012,0.00452,0.004582999999999999,0.986254,0.3241,3146,CSF_ab42,A,A,G,C,G,A,TRUE
rs1555445,rs1810635,0.896268,0.984455,TT/AA,NA,20,31131309,A,T,0.398856,-6.635e-4,0.004409000000000001,-0.1504876389203901,0.8804,3146,CSF_ab42,T,T,A,A,T,A,TRUE
rs12042107,NA,NA,NA,NA,NA,NA,NA,NA,NA,NA,NA,NA,NA,NA,NA,NA,NA,NA,NA,NA,NA,NA,NA
rs11768481,NA,NA,NA,NA,NA,NA,NA,NA,NA,NA,NA,NA,NA,NA,NA,NA,NA,NA,NA,NA,NA,NA,NA
rs7901883,NA,NA,NA,NA,NA,NA,NA,NA,NA,NA,NA,NA,NA,NA,NA,NA,NA,NA,NA,NA,NA,NA,NA
rs9423279,NA,NA,NA,NA,NA,NA,NA,NA,NA,NA,NA,NA,NA,NA,NA,NA,NA,NA,NA,NA,NA,NA,NA
rs4759228,NA,NA,NA,NA,NA,NA,NA,NA,NA,NA,NA,NA,NA,NA,NA,NA,NA,NA,NA,NA,NA,NA,NA
rs7322872,NA,NA,NA,NA,NA,NA,NA,NA,NA,NA,NA,NA,NA,NA,NA,NA,NA,NA,NA,NA,NA,NA,NA
rs76608582,NA,NA,NA,NA,NA,NA,NA,NA,NA,NA,NA,NA,NA,NA,NA,NA,NA,NA,NA,NA,NA,NA,NA
