SNP,effect_allele.exposure,other_allele.exposure,effect_allele.outcome,other_allele.outcome,beta.exposure,beta.outcome,eaf.exposure,eaf.outcome,remove,palindromic,ambiguous,id.outcome,chr.outcome,pos.outcome,se.outcome,z.outcome,pval.outcome,samplesize.outcome,outcome,mr_keep.outcome,pval_origin.outcome,chr.exposure,pos.exposure,se.exposure,z.exposure,pval.exposure,samplesize.exposure,exposure,mr_keep.exposure,pval_origin.exposure,id.exposure,action,mr_keep,pt,pleitropy_keep
rs11979341,G,C,G,C,0.0655817,-6.73014e-5,0.3163,0.331755,FALSE,TRUE,FALSE,4hHFV2,7,155797978,0.0017256766284363464,-0.039,0.9692,337334,Liu2019smkcpd23andMe,TRUE,reported,7,155797978,0.00970861137968525,6.755,1.4239999999999999e-11,24484,Hilbar2017hipv,TRUE,reported,4o5oH2,2,TRUE,5e-8,TRUE
rs2268894,T,C,T,C,-0.056681699959825686,-0.0022736843547229236,0.5412,0.559688,FALSE,FALSE,FALSE,4hHFV2,2,162856148,0.0017198822652972191,-1.3219999999999998,0.1861,337334,Liu2019smkcpd23andMe,TRUE,reported,2,162856148,0.00865898257864737,-6.546,5.894e-11,26814,Hilbar2017hipv,TRUE,reported,4o5oH2,2,TRUE,5e-8,TRUE
rs2289881,T,G,T,G,-0.0501469012631794,-5.462456922887366e-4,0.3544,0.365062,FALSE,FALSE,FALSE,4hHFV2,5,66084260,0.0017231725308792954,-0.317,0.7509999999999999,337334,Liu2019smkcpd23andMe,TRUE,reported,5,66084260,0.009022472339542892,-5.558,2.7280000000000003e-8,26814,Hilbar2017hipv,TRUE,reported,4o5oH2,2,TRUE,5e-8,TRUE
rs61921502,G,T,G,T,-0.107884,-0.00391947,0.1534,0.14724,FALSE,FALSE,FALSE,4hHFV2,12,65832468,0.0017175575503862784,-2.282,0.0225,337334,Liu2019smkcpd23andMe,TRUE,reported,12,65832468,0.011964510717245714,-9.017,1.941e-19,26814,Hilbar2017hipv,TRUE,reported,4o5oH2,2,TRUE,5e-8,TRUE
rs7020341,C,G,C,G,0.05989482492183185,-9.472032995665519e-4,0.359,0.411583,FALSE,TRUE,FALSE,4hHFV2,9,119247974,0.0017221878173937306,-0.55,0.5825,337334,Liu2019smkcpd23andMe,TRUE,reported,9,119247974,0.009013517670704569,6.645,3.035e-11,26700,Hilbar2017hipv,TRUE,reported,4o5oH2,2,TRUE,5e-8,TRUE
rs77956314,C,T,C,T,0.161854,0.00226682,0.084,0.0739178,FALSE,FALSE,FALSE,4hHFV2,12,117323367,0.00171989317384347,1.318,0.1875,337334,Liu2019smkcpd23andMe,TRUE,reported,12,117323367,0.015536015627474566,10.418,2.0550000000000002e-25,26814,Hilbar2017hipv,TRUE,reported,4o5oH2,2,TRUE,5e-8,TRUE
