target_snp,proxy_snp,ld.r2,Dprime,PHASE,X12,CHROM,POS,REF.proxy,ALT.proxy,AF,BETA,SE,Z,P,N,TRAIT,ref,ref.proxy,alt,alt.proxy,ALT,REF,proxy.outcome
rs6699744,rs2012697,1,1,AT/TC,NA,1,72819612,T,C,0.6235,0.0871,0.0727,1.19807,0.2305,4046,Neuritic_Plaques,A,T,T,C,T,A,TRUE
rs4458235,rs6717316,1,1,AG/TA,NA,2,79703384,G,A,0.6796,-0.177,0.0817,-2.1664626682986534,0.030410000000000003,4046,Neuritic_Plaques,A,G,T,A,T,A,TRUE
rs2463652,rs2695439,0.996007,1,AA/CC,NA,2,157120584,C,A,0.4596,0.0381,0.0722,0.5277008310249308,0.5976,4046,Neuritic_Plaques,A,A,C,C,A,C,TRUE
rs13082002,rs34465253,0.988089,0.996006,AC/TA,NA,3,117316006,A,C,0.4679,0.0499,0.0718,0.694986,0.4874,4046,Neuritic_Plaques,A,C,T,A,A,T,TRUE
rs12514375,rs1445980,0.979437,1,TA/AG,NA,5,60798733,G,A,0.3764,0.0203,0.0732,0.2773224043715847,0.7816,4046,Neuritic_Plaques,T,A,A,G,T,A,TRUE
rs34634095,rs510388,0.935389,1,CT/AG,NA,11,111451869,T,G,0.6946,0.0515,0.0792,0.650253,0.5155,4046,Neuritic_Plaques,C,T,A,G,A,C,TRUE
rs12826749,rs10880887,0.995959,1,GT/CC,NA,12,46412001,C,T,0.4219,-0.0224,0.0733,-0.30559345156889495,0.7601,4046,Neuritic_Plaques,G,T,C,C,G,C,TRUE
rs560815,rs1436698,1,1,TC/AT,NA,13,55920686,C,T,0.7166,-0.0039,0.0787,-0.04955527318932655,0.9608,4046,Neuritic_Plaques,T,C,A,T,A,T,TRUE
rs12721051,rs56131196,1,1,GA/CG,NA,19,45422846,G,A,0.2602,1.2856,0.1228,10.469055374592834,1.173e-25,4046,Neuritic_Plaques,G,A,C,G,G,C,TRUE
