target_snp,proxy_snp,ld.r2,Dprime,PHASE,X12,CHROM,POS,REF.proxy,ALT.proxy,AF,BETA,SE,Z,P,N,TRAIT,ref,ref.proxy,alt,alt.proxy,ALT,REF,proxy.outcome
rs34464850,rs2271386,1,1,CA/GG,NA,3,141712708,G,A,0.151945,-0.0167,0.0063,-2.65079,0.006495,91011,Triglycerides,C,A,G,G,C,G,TRUE
rs2802295,rs2253310,1,1,AC/GG,NA,6,108888593,C,G,0.561499,0.0111,0.0048,2.3125000000000004,0.06448999999999999,87936,Triglycerides,A,C,G,G,G,A,TRUE
rs1628768,rs6584545,0.973962,0.994692,CA/TT,NA,10,104999266,A,T,0.790532,-0.0041,0.0054,-0.759259,0.4569,86719.01,Triglycerides,C,A,T,T,T,C,TRUE
rs10878349,rs1038196,0.996002,1,AG/GC,NA,12,66343400,G,C,0.467912,0.005,0.0047,1.0638297872340425,0.4025,91013,Triglycerides,A,G,G,C,G,A,TRUE
rs79600142,rs436667,1,1,CT/TC,NA,17,43709415,C,T,0.146757,-0.0044,0.0059,-0.745763,0.1886,87977,Triglycerides,C,T,T,C,C,T,TRUE
rs11759026,NA,NA,NA,NA,NA,NA,NA,NA,NA,NA,NA,NA,NA,NA,NA,NA,NA,NA,NA,NA,NA,NA,NA
