target_snp,proxy_snp,ld.r2,Dprime,PHASE,X12,CHROM,POS,REF.proxy,ALT.proxy,AF,BETA,SE,Z,P,N,TRAIT,ref,ref.proxy,alt,alt.proxy,ALT,REF,proxy.outcome
rs7619041,rs9917786,0.996021,1,TT/AC,NA,3,152119585,T,C,0.5088,0.058,0.0746,0.77748,0.4368,4046,Neuritic_Plaques_Any,T,T,A,C,A,T,TRUE
rs1801214,rs9998519,0.974513,0.99566,CC/TT,NA,4,6292909,C,T,0.5872,-0.0226,0.0719,-0.3143254520166898,0.7528,4046,Neuritic_Plaques_Any,C,C,T,T,T,C,TRUE
rs6878122,rs7708285,0.955243,0.990741,GG/AA,NA,5,76425867,G,A,0.6944,0.0947,0.0831,1.1395908543922986,0.2546,4046,Neuritic_Plaques_Any,G,G,A,A,A,G,TRUE
rs72892910,rs62405437,0.972828,1,TC/GT,NA,6,50813729,T,C,0.1825,-0.0677,0.0929,-0.728741,0.4662,4046,Neuritic_Plaques_Any,T,C,G,T,T,G,TRUE
rs13234269,rs6973807,0.995991,1,AG/TA,NA,7,130423972,A,G,0.4773,0.099,0.0723,1.36929,0.171,4046,Neuritic_Plaques_Any,A,G,T,A,A,T,TRUE
rs17411031,rs17411045,1,1,GC/CT,NA,8,19852362,T,C,0.273,0.0086,0.0804,0.106965,0.915,4046,Neuritic_Plaques_Any,G,C,C,T,G,C,TRUE
rs1333039,rs10965223,1,1,GG/CA,NA,9,22067004,G,A,0.5953,0.0198,0.0739,0.26792963464140734,0.7887,4046,Neuritic_Plaques_Any,G,G,C,A,C,G,TRUE
rs1758632,rs2486675,1,1,CT/GG,NA,9,33845079,G,T,0.3706,0.0144,0.0735,0.1959183673469388,0.8448,4046,Neuritic_Plaques_Any,C,T,G,G,C,G,TRUE
rs963740,rs9316500,1,1,TG/AT,NA,13,51094114,T,G,0.2925,-0.0498,0.0784,-0.635204,0.5254,4046,Neuritic_Plaques_Any,T,G,A,T,T,A,TRUE
rs6494307,rs8038040,0.991799,0.995891,GA/CG,NA,15,62394339,G,A,0.414,-0.0572,0.0726,-0.787878787878788,0.4307,4046,Neuritic_Plaques_Any,G,A,C,G,G,C,TRUE
rs9844972,NA,NA,NA,NA,NA,NA,NA,NA,NA,NA,NA,NA,NA,NA,NA,NA,NA,NA,NA,NA,NA,NA,NA
rs10830963,NA,NA,NA,NA,NA,NA,NA,NA,NA,NA,NA,NA,NA,NA,NA,NA,NA,NA,NA,NA,NA,NA,NA
