target_snp,proxy_snp,ld.r2,Dprime,PHASE,X12,CHROM,POS,REF.proxy,ALT.proxy,AF,BETA,SE,Z,P,N,TRAIT,ref,ref.proxy,alt,alt.proxy,ALT,REF,proxy.outcome
rs12052908,rs8179610,0.99603,1,TT/AG,NA,2,22500090,G,T,0.4775,-0.0246,0.057,-0.43157894736842106,0.6665,2764,Vascular_Brain_Injury,T,T,A,G,T,A,TRUE
rs3099439,rs3099438,0.988087,0.996005,CA/TG,NA,5,87557207,A,G,0.5303,-0.0278,0.0578,-0.480969,0.631,2764,Vascular_Brain_Injury,C,A,T,G,T,C,TRUE
rs10061069,rs6556833,0.988394,1,CC/GT,NA,5,93104707,T,C,0.2189,-0.1241,0.0708,-1.75282,0.07942,2764,Vascular_Brain_Injury,C,C,G,T,C,G,TRUE
rs1150697,rs2622315,0.919058,0.958675,GA/CG,NA,6,28152567,G,A,0.1037,0.0123,0.0967,0.12719751809720786,0.8986,2764,Vascular_Brain_Injury,G,A,C,G,G,C,TRUE
rs1933802,rs11156429,1,1,CT/GG,NA,6,105364421,T,G,0.5487,-0.0086,0.0571,-0.150613,0.8799,2764,Vascular_Brain_Injury,C,T,G,G,G,C,TRUE
rs2876520,rs1396898,0.852262,0.941742,GG/CA,NA,6,142990718,A,G,0.4641,-0.022,0.0577,-0.381282,0.7026,2764,Vascular_Brain_Injury,G,G,C,A,G,C,TRUE
rs2029865,rs9365756,1,1,AT/TG,NA,6,165123497,G,T,0.465,0.0549,0.0575,0.9547826086956521,0.3392,2764,Vascular_Brain_Injury,A,T,T,G,A,T,TRUE
rs2247523,rs2522831,0.992047,1,GC/CT,NA,7,82448100,T,C,0.3479,-0.076,0.0656,-1.15854,0.2472,2764,Vascular_Brain_Injury,G,C,C,T,G,C,TRUE
rs2709906,rs3094462,0.943309,1,AA/CG,NA,7,82935415,G,A,0.4132,0.0487,0.0591,0.8240270727580372,0.4098,2764,Vascular_Brain_Injury,A,A,C,G,A,C,TRUE
rs1982277,rs958538,0.946393,0.994358,CC/TT,NA,9,11522951,T,C,0.2423,-0.119,0.0765,-1.55556,0.12,2764,Vascular_Brain_Injury,C,C,T,T,C,T,TRUE
rs12789028,rs1783541,0.826112,0.938762,AT/GC,NA,11,65294799,C,T,0.2037,0.0517,0.0717,0.7210599721059973,0.4708,2764,Vascular_Brain_Injury,A,T,G,C,A,G,TRUE
rs56327309,rs17410557,0.917005,0.986597,GC/CT,NA,18,50776391,T,C,0.3938,0.0958,0.0599,1.59933,0.1095,2764,Vascular_Brain_Injury,G,C,C,T,G,C,TRUE
rs143186028,rs6072350,0.993271,1,TC/GT,NA,20,39985847,T,C,0.1882,0.0942,0.0753,1.251,0.2113,2764,Vascular_Brain_Injury,T,C,G,T,T,G,TRUE
rs67436663,NA,NA,NA,NA,NA,NA,NA,NA,NA,NA,NA,NA,NA,NA,NA,NA,NA,NA,NA,NA,NA,NA,NA
rs12967143,NA,NA,NA,NA,NA,NA,NA,NA,NA,NA,NA,NA,NA,NA,NA,NA,NA,NA,NA,NA,NA,NA,NA
