target_snp,proxy_snp,ld.r2,Dprime,PHASE,X12,CHROM,POS,REF.proxy,ALT.proxy,AF,BETA,SE,Z,P,N,TRAIT,ref,ref.proxy,alt,alt.proxy,ALT,REF,proxy.outcome
rs4858708,rs1604011,0.941461,0.995838,TT/AC,NA,3,25159884,C,T,0.4717,35.8622,108.9949,0.32902640398770955,0.7421,32176,Cortical_Surface_Area,T,T,A,C,T,A,TRUE
rs2216427,rs2543163,1,1,GA/CG,NA,3,180831977,G,A,0.3545,-130.3579,116.8364,-1.1157302005197012,0.2645,30710,Cortical_Surface_Area,G,A,C,G,G,C,TRUE
rs2030672,rs11762779,0.900356,0.966358,GC/CT,NA,7,21713592,C,T,0.5476,-185.394,113.1233,-1.6388666172220931,0.1012,32176,Cortical_Surface_Area,G,C,C,T,C,G,TRUE
rs6973090,rs1047998,0.960122,0.979858,AT/GC,NA,7,102065651,C,T,0.253,109.6953,147.3927,0.7442383510173842,0.4567,27484,Cortical_Surface_Area,A,T,G,C,A,G,TRUE
rs8180817,rs12536335,0.972536,1,CG/GA,NA,7,114043159,A,G,0.4368,-42.1069,111.0637,-0.379124,0.7046,32176,Cortical_Surface_Area,C,G,G,A,C,G,TRUE
rs932074,rs12362256,0.988128,1,CC/GT,NA,11,72368654,C,T,0.5243,217.657,108.9106,1.9984923414249853,0.04566,32176,Cortical_Surface_Area,C,C,G,T,G,C,TRUE
rs2221119,rs11821383,0.921832,1,CC/GT,NA,11,88579261,T,C,0.4115,-134.3,110.8414,-1.21164,0.2257,32176,Cortical_Surface_Area,C,C,G,T,C,G,TRUE
rs6119267,rs67696533,0.990173,1,GA/CG,NA,20,31173362,G,A,0.3205,-118.2527,120.5131,-0.9812435328607431,0.3265,32176,Cortical_Surface_Area,G,A,C,G,G,C,TRUE
rs77641763,NA,NA,NA,NA,NA,NA,NA,NA,NA,NA,NA,NA,NA,NA,NA,NA,NA,NA,NA,NA,NA,NA,NA
