SNP,effect_allele.exposure,other_allele.exposure,effect_allele.outcome,other_allele.outcome,beta.exposure,beta.outcome,eaf.exposure,eaf.outcome,remove,palindromic,ambiguous,id.outcome,chr.outcome,pos.outcome,se.outcome,z.outcome,pval.outcome,samplesize.outcome,outcome,mr_keep.outcome,pval_origin.outcome,chr.exposure,pos.exposure,se.exposure,z.exposure,pval.exposure,samplesize.exposure,exposure,mr_keep.exposure,pval_origin.exposure,id.exposure,action,mr_keep,pt
rs11940694,G,A,G,A,0.011217,0.006093,0.605493,0.605493,FALSE,FALSE,FALSE,FTzD4U,4,39414993,0.005790999999999999,1.05215,0.2928,3146,Deming2017ptau,TRUE,reported,4,39414993,0.0012337,9.092161789738187,9.84011105761131e-20,117878,SanchezRoige2018auditt,TRUE,reported,zWRhCM,2,TRUE,5e-8
rs1260326,C,T,C,T,0.0077771,0.005121,0.613661,0.613661,FALSE,FALSE,FALSE,FTzD4U,2,27730940,0.005377000000000001,0.95239,0.341,3146,Deming2017ptau,TRUE,reported,2,27730940,0.0012240999999999999,6.353320807123602,2.11202959746102e-10,121604,SanchezRoige2018auditt,TRUE,reported,zWRhCM,2,TRUE,5e-8
rs13135092,G,A,G,A,-0.015926,-0.02376,0.0543478,0.0543478,FALSE,FALSE,FALSE,FTzD4U,4,103198082,0.01022,-2.324853228962818,0.02014,3146,Deming2017ptau,TRUE,reported,4,103198082,0.0021963,-7.2512862541547145,4.1495404263436294e-13,120961,SanchezRoige2018auditt,TRUE,reported,zWRhCM,2,TRUE,5e-8
rs4953148,T,A,T,A,0.007290100000000001,0.006945999999999999,0.393324,0.393324,FALSE,TRUE,FALSE,FTzD4U,2,45152522,0.007083,0.9806579133135676,0.3269,3146,Deming2017ptau,TRUE,reported,2,45152522,0.0013128,5.553092626447289,2.8106062003344e-8,119522,SanchezRoige2018auditt,TRUE,reported,zWRhCM,2,TRUE,5e-8
rs9607805,T,C,T,C,0.0074364999999999995,-0.00496,0.738703,0.738703,FALSE,FALSE,FALSE,FTzD4U,22,41854446,0.0060079999999999995,-0.825566,0.4091,3146,Deming2017ptau,TRUE,reported,22,41854446,0.0013495,5.510559466469062,3.58096437102636e-8,120262,SanchezRoige2018auditt,TRUE,reported,zWRhCM,2,TRUE,5e-8
