target_snp,proxy_snp,ld.r2,Dprime,PHASE,X12,CHROM,POS,REF.proxy,ALT.proxy,AF,BETA,SE,Z,P,N,TRAIT,ref,ref.proxy,alt,alt.proxy,ALT,REF,proxy.outcome
rs13082002,rs35883702,0.992051,0.996018,AG/TC,NA,3,117316062,C,G,0.472555,0.002218,0.004091,0.5421657296504522,0.5878,3146,CSF_Ab42,A,G,T,C,A,T,TRUE
rs12514375,rs1445980,0.979437,1,TA/AG,NA,5,60798733,G,A,0.365644,-0.002344,0.0041979999999999995,-0.5583611243449262,0.5766,3146,CSF_Ab42,T,A,A,G,T,A,TRUE
rs6870152,rs6556928,0.987027,0.995647,AA/GG,NA,5,95877903,A,G,0.600931,-0.002406,0.004141,-0.581019,0.5613,3146,CSF_Ab42,A,A,G,G,G,A,TRUE
rs34634095,rs510388,0.935389,1,CT/AG,NA,11,111451869,T,G,0.703381,0.003428,0.004388,0.781222,0.4347,3146,CSF_Ab42,C,T,A,G,A,C,TRUE
rs7978702,rs4595630,0.986748,0.993352,GA/AC,NA,12,34363697,A,C,0.824364,3.574e-4,0.005344,0.0668787,0.9467,3146,CSF_Ab42,G,A,A,C,A,G,TRUE
rs9955276,rs1371274,0.902126,0.965794,TC/CA,NA,18,1837007,A,C,0.145583,-0.01231,0.005816,-2.1165749656121045,0.0344,3146,CSF_Ab42,T,C,C,A,T,C,TRUE
rs380743,rs1231281,0.992,0.995992,AA/GG,NA,19,49239200,G,A,0.384719,-0.004257,0.0041,-1.0382926829268293,0.2992,3146,CSF_Ab42,A,A,G,G,A,G,TRUE
rs2413052,rs9606833,0.977395,0.988633,CC/TT,NA,22,31750013,T,C,0.25,-0.004364,0.004985,-0.8754262788365095,0.3815,3146,CSF_Ab42,C,C,T,T,C,T,TRUE
rs4953150,NA,NA,NA,NA,NA,NA,NA,NA,NA,NA,NA,NA,NA,NA,NA,NA,NA,NA,NA,NA,NA,NA,NA
rs11134442,NA,NA,NA,NA,NA,NA,NA,NA,NA,NA,NA,NA,NA,NA,NA,NA,NA,NA,NA,NA,NA,NA,NA
rs28703977,NA,NA,NA,NA,NA,NA,NA,NA,NA,NA,NA,NA,NA,NA,NA,NA,NA,NA,NA,NA,NA,NA,NA
rs12700239,NA,NA,NA,NA,NA,NA,NA,NA,NA,NA,NA,NA,NA,NA,NA,NA,NA,NA,NA,NA,NA,NA,NA
rs16959955,NA,NA,NA,NA,NA,NA,NA,NA,NA,NA,NA,NA,NA,NA,NA,NA,NA,NA,NA,NA,NA,NA,NA
rs12721051,NA,NA,NA,NA,NA,NA,NA,NA,NA,NA,NA,NA,NA,NA,NA,NA,NA,NA,NA,NA,NA,NA,NA
