target_snp,proxy_snp,ld.r2,Dprime,PHASE,X12,CHROM,POS,REF.proxy,ALT.proxy,AF,BETA,SE,Z,P,N,TRAIT,ref,ref.proxy,alt,alt.proxy,ALT,REF,proxy.outcome
rs194833,rs194834,0.996031,1,GG/TA,NA,7,103762313,G,A,0.4675,0.0086,0.0174,0.4942528735632184,0.6214,749339,Diastolic_Blood_Pressure,G,G,T,A,T,G,TRUE
rs4296031,rs1809327,1,1,GG/AA,NA,11,42536345,G,A,0.812,0.0093,0.0223,0.4170403587443946,0.6779,757601,Diastolic_Blood_Pressure,G,G,A,A,A,G,TRUE
rs12815451,rs7315646,0.863025,1,CA/TT,NA,12,51741617,T,A,0.1445,-0.0042,0.0268,-0.15671641791044774,0.8749,756594,Diastolic_Blood_Pressure,C,A,T,T,C,T,TRUE
rs2316766,rs2106785,0.994535,1,TT/GC,NA,17,43919105,C,T,0.219,-0.1426,0.022000000000000002,-6.4818181818181815,8.979000000000001e-11,719218,Diastolic_Blood_Pressure,T,T,G,C,T,G,TRUE
