target_snp,proxy_snp,ld.r2,Dprime,PHASE,X12,CHROM,POS,REF.proxy,ALT.proxy,AF,BETA,SE,Z,P,N,TRAIT,ref,ref.proxy,alt,alt.proxy,ALT,REF,proxy.outcome
rs145186401,rs143430155,1,1,AG/TA,NA,1,76898960,A,G,0.0168,-0.2946,0.4782,-0.61606,0.5379,4046,Neuritic_Plaques,A,G,T,A,A,T,TRUE
rs192227553,rs116627534,0.932392,1,AC/GT,NA,1,191935570,T,C,0.0189,0.0142,0.3952,0.0359312,0.9713,4046,Neuritic_Plaques,A,C,G,T,A,G,TRUE
rs4953148,rs7569203,0.95433,0.995223,TC/AA,NA,2,45154418,A,C,0.3183,0.0299,0.0832,0.359375,0.7196,4046,Neuritic_Plaques,T,C,A,A,T,A,TRUE
rs144198753,rs145441283,0.844453,1,TG/CA,NA,4,99751794,A,G,0.0201,-1.6385,1.2454,-1.31564,0.1883,4046,Neuritic_Plaques,T,G,C,A,T,C,TRUE
rs147311119,rs150347273,1,1,GA/CG,NA,10,9398572,G,A,0.0138,-0.4242,0.5368,-0.7902384500745157,0.4295,4046,Neuritic_Plaques,G,A,C,G,G,C,TRUE
rs7948028,rs4337071,0.987138,0.995685,CT/AC,NA,11,113334100,C,T,0.3809,0.0085,0.0738,0.11517615176151762,0.9083,4046,Neuritic_Plaques,C,T,A,C,C,A,TRUE
rs1319338,rs56188014,0.949361,1,AA/TG,NA,15,26445039,G,A,0.0773,-0.1246,0.1371,-0.9088256746900073,0.3634,4046,Neuritic_Plaques,A,A,T,G,A,T,TRUE
rs12936842,rs34547522,0.939389,0.990182,TT/AC,NA,17,7546716,C,T,0.3097,0.0801,0.0843,0.9501779359430605,0.3418,4046,Neuritic_Plaques,T,T,A,C,T,A,TRUE
rs79931145,NA,NA,NA,NA,NA,NA,NA,NA,NA,NA,NA,NA,NA,NA,NA,NA,NA,NA,NA,NA,NA,NA,NA
