target_snp,proxy_snp,ld.r2,Dprime,PHASE,X12,CHROM,POS,REF.proxy,ALT.proxy,AF,BETA,SE,Z,P,N,TRAIT,ref,ref.proxy,alt,alt.proxy,ALT,REF,proxy.outcome
rs76025409,rs12658032,0.91442,0.960404,CA/GG,NA,5,103904226,A,G,0.645607,0.00972,0.006364,1.52734,0.1268,3146,CSF_ab42,C,A,G,G,G,C,TRUE
rs437955,rs9257809,0.958922,1,CG/TA,NA,6,29356331,A,G,0.0807805,0.01674,0.009720999999999999,1.722045057092892,0.08522,3146,CSF_ab42,C,G,T,A,C,T,TRUE
rs3132582,rs9262135,0.809601,1,AG/TA,NA,6,30618906,A,G,0.0996001,0.01564,0.008825,1.7722379603399436,0.07641,3146,CSF_ab42,A,G,T,A,A,T,TRUE
