target_snp,proxy_snp,ld.r2,Dprime,PHASE,X12,CHROM,POS,REF.proxy,ALT.proxy,AF,BETA,SE,Z,P,N,TRAIT,ref,ref.proxy,alt,alt.proxy,ALT,REF,proxy.outcome
rs145186401,rs143430155,1,1,AG/TA,NA,1,76898960,A,G,0.0162,-0.3559,0.3735,-0.952878,0.3407,4735,Neurofibrillary_Tangles,A,G,T,A,A,T,TRUE
rs192227553,rs116627534,0.932392,1,AC/GT,NA,1,191935570,T,C,0.0202,0.2066,0.2177,0.949012,0.3426,4735,Neurofibrillary_Tangles,A,C,G,T,A,G,TRUE
rs4953148,rs7569203,0.95433,0.995223,TC/AA,NA,2,45154418,A,C,0.3147,0.033,0.05,0.66,0.5093,4735,Neurofibrillary_Tangles,T,C,A,A,T,A,TRUE
rs144198753,rs145441283,0.844453,1,TG/CA,NA,4,99751794,A,G,0.0177,0.3453,0.7173,0.481389,0.6303,4735,Neurofibrillary_Tangles,T,G,C,A,T,C,TRUE
rs147311119,rs150347273,1,1,GA/CG,NA,10,9398572,G,A,0.0154,-0.1929,0.2412,-0.7997512437810945,0.4237,4735,Neurofibrillary_Tangles,G,A,C,G,G,C,TRUE
rs7948028,rs4337071,0.987138,0.995685,CT/AC,NA,11,113334100,C,T,0.3842,-0.0156,0.0445,-0.350561797752809,0.7262,4735,Neurofibrillary_Tangles,C,T,A,C,C,A,TRUE
rs1319338,rs56188014,0.949361,1,AA/TG,NA,15,26445039,G,A,0.0779,-0.0719,0.0836,-0.8600478468899523,0.3898,4735,Neurofibrillary_Tangles,A,A,T,G,A,T,TRUE
rs12936842,rs34547522,0.939389,0.990182,TT/AC,NA,17,7546716,C,T,0.3088,0.004,0.0506,0.07905138339920949,0.9367,4735,Neurofibrillary_Tangles,T,T,A,C,T,A,TRUE
rs79931145,NA,NA,NA,NA,NA,NA,NA,NA,NA,NA,NA,NA,NA,NA,NA,NA,NA,NA,NA,NA,NA,NA,NA
