target_snp,proxy_snp,ld.r2,Dprime,PHASE,X12,CHROM,POS,REF.proxy,ALT.proxy,AF,BETA,SE,Z,P,N,TRAIT,ref,ref.proxy,alt,alt.proxy,ALT,REF,proxy.outcome
rs62106258,rs62104180,0.827265,0.951966,CA/TG,NA,2,466003,G,A,0.0543,-212.6149,304.2101,-0.6989080901653166,0.4846,23808,Cortical_Surface_Area,C,A,T,G,C,T,TRUE
rs701760,rs4833412,0.900497,0.991453,CC/GT,NA,4,113410427,C,T,0.4978,-283.3179,108.8177,-2.6036012523697893,0.009225,32176,Cortical_Surface_Area,C,C,G,T,G,C,TRUE
rs10125463,rs6474946,0.992051,1,TT/AC,NA,9,15674969,C,T,0.5017,-18.6526,109.9471,-0.16965067746216134,0.8653,32176,Cortical_Surface_Area,T,T,A,C,T,A,TRUE
rs6478868,rs12057089,0.990173,1,CT/TC,NA,9,131929957,C,T,0.3047,143.4958,119.7669,1.198125692490997,0.2309,32176,Cortical_Surface_Area,C,T,T,C,C,T,TRUE
