SNP,effect_allele.exposure,other_allele.exposure,effect_allele.outcome,other_allele.outcome,beta.exposure,beta.outcome,eaf.exposure,eaf.outcome,remove,palindromic,ambiguous,id.outcome,chr.outcome,pos.outcome,se.outcome,z.outcome,pval.outcome,samplesize.outcome,outcome,mr_keep.outcome,pval_origin.outcome,chr.exposure,pos.exposure,se.exposure,z.exposure,pval.exposure,samplesize.exposure,exposure,mr_keep.exposure,pval_origin.exposure,id.exposure,action,mr_keep,pleitropy_keep,pt
rs141441332,A,C,A,C,0.5383,5.401972701075615e-4,0.011,0.0078957,FALSE,FALSE,FALSE,Sa9Di4,19,45438575,0.001030910820815957,0.524,0.6002,941280,Liu2019drnkwk23andMe,TRUE,reported,19,45438575,0.0632,8.517405063291138,1.713e-17,40255,Huang2017aaos,TRUE,reported,yFn1Pu,2,TRUE,FALSE,5e-8
rs2075650,G,A,G,A,0.5502,-0.00131234,0.2197,0.155592,FALSE,FALSE,FALSE,Sa9Di4,19,45395619,0.00103009484115648,-1.274,0.2025,941280,Liu2019drnkwk23andMe,TRUE,reported,19,45395619,0.0223,24.6726,5.979999999999999e-134,40255,Huang2017aaos,TRUE,reported,yFn1Pu,2,TRUE,FALSE,5e-8
rs567075,C,T,C,T,0.09,-0.00171657,0.6903,0.690899,FALSE,FALSE,FALSE,Sa9Di4,11,85830157,0.0010297389028411702,-1.667,0.09558,941280,Liu2019drnkwk23andMe,TRUE,reported,11,85830157,0.0132,6.81818,9.084e-12,40255,Huang2017aaos,TRUE,reported,yFn1Pu,2,TRUE,TRUE,5e-8
rs62117204,T,C,T,C,-0.1867,0.0016672150272678409,0.0601,0.0741888,FALSE,FALSE,FALSE,Sa9Di4,19,45242967,0.001029780745687363,1.619,0.1054,941280,Liu2019drnkwk23andMe,TRUE,reported,19,45242967,0.0278,-6.715827338129497,1.864e-11,40255,Huang2017aaos,TRUE,reported,yFn1Pu,2,TRUE,FALSE,5e-8
rs6431219,T,C,T,C,0.0774,-0.0031987785479335607,0.4163,0.393246,FALSE,FALSE,FALSE,Sa9Di4,2,127862133,0.0010285461568918203,-3.11,0.001872,941280,Liu2019drnkwk23andMe,TRUE,reported,2,127862133,0.0124,6.241935483870968,3.8969999999999996e-10,40255,Huang2017aaos,TRUE,reported,yFn1Pu,2,TRUE,TRUE,5e-8
rs76205446,A,T,A,T,0.7096,-2.1969690327846582e-4,0.0143,0.00945455,FALSE,TRUE,FALSE,Sa9Di4,19,45355267,0.0010314408604622809,-0.213,0.8312,941280,Liu2019drnkwk23andMe,TRUE,reported,19,45355267,0.1234,5.750405186385738,9.01e-9,40255,Huang2017aaos,TRUE,reported,yFn1Pu,2,TRUE,FALSE,5e-8
rs7930318,T,C,T,C,0.075,0.0013709865570137325,0.5996,0.659768,FALSE,FALSE,FALSE,Sa9Di4,11,60033371,0.001030042492121512,1.331,0.1834,941280,Liu2019drnkwk23andMe,TRUE,reported,11,60033371,0.0125,5.999999999999999,2.245e-9,40255,Huang2017aaos,TRUE,reported,yFn1Pu,2,TRUE,TRUE,5e-8
