target_snp,proxy_snp,ld.r2,Dprime,PHASE,X12,CHROM,POS,REF.proxy,ALT.proxy,AF,BETA,SE,Z,P,N,TRAIT,ref,ref.proxy,alt,alt.proxy,ALT,REF,proxy.outcome
rs1250229,rs1250244,0.84828,0.926165,TG/CC,NA,2,216297796,G,C,0.748094,0.005731,0.004653,1.23168,0.2181,3146,CSF_ab42,T,G,C,C,C,T,TRUE
rs6882076,rs12657266,1,1,TC/CT,NA,5,156396003,C,T,0.633929,0.002925,0.0043219999999999995,0.67677,0.4987,3146,CSF_ab42,T,C,C,T,C,T,TRUE
rs10947207,rs4711268,1,1,CT/TC,NA,6,31354504,C,T,0.246548,0.003229,0.004449,0.7257810743987413,0.4679,3146,CSF_ab42,C,T,T,C,C,T,TRUE
rs10947332,rs145281025,1,1,AA/GG,NA,6,32674252,G,A,0.119956,-8.642000000000001e-4,0.0065569999999999995,-0.1317980783895074,0.8952,3146,CSF_ab42,A,A,G,G,A,G,TRUE
rs16891156,rs9456508,0.902929,1,CG/AT,NA,6,160598596,T,G,0.0275263,-0.006856999999999999,0.01371,-0.5001458789204959,0.6171,3146,CSF_ab42,C,G,A,T,C,A,TRUE
rs1169288,rs2244608,0.96043,0.986545,CG/AA,NA,12,121416988,A,G,0.365314,2.714e-5,0.0043939999999999995,0.00617660446062813,0.9951,3146,CSF_ab42,C,G,A,A,C,A,TRUE
rs247616,rs247617,1,1,TA/CC,NA,16,56990716,C,A,0.321182,-0.001463,0.004324000000000001,-0.3383441258094357,0.7352,3146,CSF_ab42,T,A,C,C,T,C,TRUE
rs7254892,rs111784051,0.96675,1,AG/GT,NA,19,45402262,T,G,0.040691,0.045810000000000003,0.013059999999999999,3.507656967840736,4.5860000000000003e-4,3146,CSF_ab42,A,G,G,T,A,G,TRUE
rs75687619,rs147636938,0.882588,0.968507,TT/GC,NA,19,45386634,C,T,0.0239826,-0.051789999999999996,0.011059999999999999,-4.682640144665461,2.9439999999999997e-6,3146,CSF_ab42,T,T,G,C,T,G,TRUE
rs492602,rs571689,0.885394,0.991314,GT/AC,NA,19,49207554,C,T,0.413695,-0.004967,0.004051,-1.2261170081461368,0.2202,3146,CSF_ab42,G,T,A,C,G,A,TRUE
rs11591147,NA,NA,NA,NA,NA,NA,NA,NA,NA,NA,NA,NA,NA,NA,NA,NA,NA,NA,NA,NA,NA,NA,NA
rs2642438,NA,NA,NA,NA,NA,NA,NA,NA,NA,NA,NA,NA,NA,NA,NA,NA,NA,NA,NA,NA,NA,NA,NA
rs1367117,NA,NA,NA,NA,NA,NA,NA,NA,NA,NA,NA,NA,NA,NA,NA,NA,NA,NA,NA,NA,NA,NA,NA
rs6818397,NA,NA,NA,NA,NA,NA,NA,NA,NA,NA,NA,NA,NA,NA,NA,NA,NA,NA,NA,NA,NA,NA,NA
rs13206249,NA,NA,NA,NA,NA,NA,NA,NA,NA,NA,NA,NA,NA,NA,NA,NA,NA,NA,NA,NA,NA,NA,NA
rs2315065,NA,NA,NA,NA,NA,NA,NA,NA,NA,NA,NA,NA,NA,NA,NA,NA,NA,NA,NA,NA,NA,NA,NA
rs1801689,NA,NA,NA,NA,NA,NA,NA,NA,NA,NA,NA,NA,NA,NA,NA,NA,NA,NA,NA,NA,NA,NA,NA
rs2886232,NA,NA,NA,NA,NA,NA,NA,NA,NA,NA,NA,NA,NA,NA,NA,NA,NA,NA,NA,NA,NA,NA,NA
rs2965157,NA,NA,NA,NA,NA,NA,NA,NA,NA,NA,NA,NA,NA,NA,NA,NA,NA,NA,NA,NA,NA,NA,NA
rs12721109,NA,NA,NA,NA,NA,NA,NA,NA,NA,NA,NA,NA,NA,NA,NA,NA,NA,NA,NA,NA,NA,NA,NA
