target_snp,proxy_snp,ld.r2,Dprime,PHASE,X12,CHROM,POS,REF.proxy,ALT.proxy,AF,BETA,SE,Z,P,N,TRAIT,ref,ref.proxy,alt,alt.proxy,ALT,REF,proxy.outcome
rs67474621,rs1486096,0.937188,0.98363,TA/AG,NA,1,72584184,G,A,0.4749,-0.0078,0.0436,-0.17889908256880732,0.8579,4735,NFT_Braak_Four,T,A,A,G,T,A,TRUE
rs1449404,rs9849399,1,1,GC/CA,NA,3,85537665,A,C,0.2351,0.0669,0.0515,1.29903,0.19399999999999998,4735,NFT_Braak_Four,G,C,C,A,G,C,TRUE
rs3734543,rs34605993,1,1,CT/GC,NA,6,26454363,C,T,0.0933,-0.1254,0.0959,-1.307612095933264,0.1908,4735,NFT_Braak_Four,C,T,G,C,C,G,TRUE
rs3094084,rs1628680,1,1,TA/AG,NA,6,30988825,G,A,0.1556,-0.0733,0.076,-0.9644736842105264,0.335,4735,NFT_Braak_Four,T,A,A,G,T,A,TRUE
rs3096690,rs3130297,0.986588,1,CT/GC,NA,6,32198981,C,T,0.1079,-0.0456,0.0886,-0.5146726862302483,0.6063,4735,NFT_Braak_Four,C,T,G,C,C,G,TRUE
rs11986122,rs11993089,0.995827,1,GT/CG,NA,8,10009952,G,T,0.3842,-0.0246,0.057,-0.43157894736842106,0.6654,4735,NFT_Braak_Four,G,T,C,G,G,C,TRUE
rs1217101,rs1217098,0.952979,0.994539,CA/GC,NA,8,64623652,A,C,0.7671,-0.0624,0.0532,-1.17293,0.2403,4735,NFT_Braak_Four,C,A,G,C,G,C,TRUE
rs3136469,rs3136468,1,1,AC/TT,NA,11,46749246,T,C,0.082,-0.0603,0.0812,-0.742611,0.4576,4735,NFT_Braak_Four,A,C,T,T,A,T,TRUE
rs191728525,rs61979093,0.890369,0.985923,GT/TG,NA,14,29744968,G,T,0.3227,-0.0208,0.0476,-0.43697478991596633,0.6617,4735,NFT_Braak_Four,G,T,T,G,G,T,TRUE
rs242641,rs242630,0.995469,1,TA/CG,NA,18,58850666,G,A,0.3115,-0.0805,0.0473,-1.7019027484143763,0.08917,4735,NFT_Braak_Four,T,A,C,G,T,C,TRUE
rs34555420,NA,NA,NA,NA,NA,NA,NA,NA,NA,NA,NA,NA,NA,NA,NA,NA,NA,NA,NA,NA,NA,NA,NA
