target_snp,proxy_snp,ld.r2,Dprime,PHASE,X12,CHROM,POS,REF.proxy,ALT.proxy,AF,BETA,SE,Z,P,N,TRAIT,ref,ref.proxy,alt,alt.proxy,ALT,REF,proxy.outcome
rs7796,rs1062090,1,1,GA/CG,NA,1,1683900,G,A,0.4891,44.4841,119.8919,0.3710350740959147,0.7106,28647,Cortical_Surface_Area,G,A,C,G,G,C,TRUE
rs4360494,rs61776719,0.960387,0.987847,GC/CA,NA,1,38461319,C,A,0.5546,119.5005,124.2283,0.9619426491387228,0.3361,28218,Cortical_Surface_Area,G,C,C,A,C,G,TRUE
rs11585169,rs2048558,0.893949,1,TA/AG,NA,1,150571730,A,G,0.5449,17.5048,109.77,0.159468,0.8733,32176,Cortical_Surface_Area,T,A,A,G,A,T,TRUE
rs3845811,rs12620663,0.868534,0.941455,GT/CC,NA,2,208527538,C,T,0.4457,160.4868,115.753,1.386459098252313,0.1656,30818,Cortical_Surface_Area,G,T,C,C,G,C,TRUE
rs28702684,rs6822932,1,1,GG/CA,NA,4,38395000,G,A,0.4959,-171.4842,109.7565,-1.5624058711784723,0.1182,32176,Cortical_Surface_Area,G,G,C,A,C,G,TRUE
rs28418670,rs60529470,0.991842,1,CA/GG,NA,4,77365883,G,A,0.4351,18.2074,110.3596,0.16498247547109632,0.8690000000000001,32176,Cortical_Surface_Area,C,A,G,G,C,G,TRUE
rs10076149,rs6877631,1,1,GC/CT,NA,5,77867941,T,C,0.4621,-122.219,110.2531,-1.10853,0.2676,32176,Cortical_Surface_Area,G,C,C,T,G,C,TRUE
rs4977575,rs10757279,0.964771,1,GG/CA,NA,9,22124630,A,G,0.4788,-236.654,113.3364,-2.08807,0.036789999999999996,31984,Cortical_Surface_Area,G,G,C,A,G,C,TRUE
rs11634851,rs4778848,0.992016,1,GA/CC,NA,15,81019572,C,A,0.4596,-21.1013,109.9015,-0.19200192900005913,0.8477,32176,Cortical_Surface_Area,G,A,C,C,G,C,TRUE
rs11637880,rs4283211,0.953009,0.995886,CA/GG,NA,15,90646939,A,G,0.5679,-66.8111,111.5597,-0.598882,0.5493,31984,Cortical_Surface_Area,C,A,G,G,G,C,TRUE
rs11656495,rs11656445,0.831458,1,TT/AC,NA,17,30694164,T,C,0.6075,119.657,112.3035,1.06548,0.2867,32176,Cortical_Surface_Area,T,T,A,C,A,T,TRUE
rs12180739,NA,NA,NA,NA,NA,NA,NA,NA,NA,NA,NA,NA,NA,NA,NA,NA,NA,NA,NA,NA,NA,NA,NA
rs117928258,NA,NA,NA,NA,NA,NA,NA,NA,NA,NA,NA,NA,NA,NA,NA,NA,NA,NA,NA,NA,NA,NA,NA
rs112005532,NA,NA,NA,NA,NA,NA,NA,NA,NA,NA,NA,NA,NA,NA,NA,NA,NA,NA,NA,NA,NA,NA,NA
